Ad group,Keyword,Currency,Avg. Monthly Searches (exact match only),Searches: Oct 2013,Searches: Nov 2013,Searches: Dec 2013,Searches: Jan 2014,Searches: Feb 2014,Searches: Mar 2014,Searches: Apr 2014,Searches: May 2014,Searches: Jun 2014,Searches: Jul 2014,Searches: Aug 2014,Searches: Sep 2014,Competition,Suggested bid
Concert Tickets,concert tickets,USD,60500,60500,74000,74000,60500,60500,60500,60500,60500,60500,60500,60500,60500,0.82,2.61
Concert Tickets,buy concert tickets,USD,1900,1900,2400,1900,1900,1900,1900,1900,1900,1900,1900,1900,1900,0.82,3.12
Concert Tickets,concert tickets uk,USD,720,1000,1300,880,720,590,590,480,720,590,590,480,720,0.51,1.03
Concert Tickets,lady gaga concert tickets,USD,720,390,720,1300,590,880,1300,590,590,480,590,260,210,0.5,1.13
Concert Tickets,cheapest concert tickets,USD,880,720,720,720,720,880,880,880,880,880,1300,1300,1000,0.88,2.76
Concert Tickets,tickets for concerts,USD,1000,1000,1300,1000,1000,880,1000,1000,880,880,880,880,880,0.8,1.66
Concert Tickets,concert ticket,USD,2900,3600,3600,4400,2900,2900,3600,2900,3600,2900,2400,2900,2900,0.42,1.95
Concert Tickets,tickets concert,USD,1000,1300,1300,1300,880,1000,1000,880,880,880,720,880,1000,0.65,0.93
Concert Tickets,katy perry concert tickets,USD,2900,2400,3600,1300,9900,3600,3600,2900,2900,2900,2400,1900,1900,0.87,2.65
Concert Tickets,eagles concert tickets,USD,1900,2400,3600,1300,1600,880,2400,1000,1600,2900,1600,2900,2900,0.84,3.34
Concert Tickets,concerts tickets,USD,590,590,590,590,480,480,590,590,480,480,590,590,480,0.64,2.65
Concert Tickets,eminem concert tickets,USD,1900,1600,3600,2400,1600,1000,2400,2400,2400,1900,1000,1300,480,0.44,1.33
Concert Tickets,where to buy concert tickets,USD,480,390,480,480,480,590,590,590,590,480,720,590,590,0.86,2.06
Concert Tickets,ticket concert,USD,1900,2900,2900,2400,1900,1600,1900,1600,1600,1300,1300,1300,1900,0.46,0.56
Concert Tickets,free concert tickets,USD,1000,880,880,720,1000,1000,1300,1300,1000,1300,1600,1300,1000,0.68,0.98
Concert Tickets,tickets to concerts,USD,210,170,260,260,210,260,210,210,170,210,210,210,260,0.7,1.87
Concert Tickets,drake concert tickets,USD,2400,8100,9900,2900,1300,1600,1900,720,390,1000,880,1600,1000,0.72,2.12
Concert Tickets,adele concert tickets,USD,210,480,260,260,320,260,90,70,110,90,140,210,320,0.28,1.6
Concert Tickets,tickets concerts,USD,320,390,390,390,320,320,390,260,260,210,260,260,320,0.55,1.3
Concert Tickets,sold out concert tickets,USD,260,260,170,170,210,210,260,260,170,170,210,390,390,0.57,3.5
Concert Tickets,concert ticket websites,USD,590,880,880,480,590,590,720,590,590,480,480,480,480,0.84,2.79
Concert Tickets,concert tickets australia,USD,170,320,210,260,170,170,210,110,210,140,70,70,140,0.33,3.1
Concert Tickets,buying concert tickets,USD,140,170,170,140,140,140,170,140,140,140,170,140,140,0.63,2.34
Concert Tickets,u2 concert tickets,USD,110,90,110,110,90,170,140,70,90,70,70,90,210,0.45,1.27
Sports Tickets,sports tickets,USD,5400,8100,6600,6600,5400,4400,6600,5400,5400,4400,4400,5400,6600,0.83,3.51
Sports Tickets,sport tickets,USD,1000,1600,1300,1300,1000,1000,1000,1300,1000,880,880,1000,1300,0.69,2.62
Sports Tickets,sports tickets for sale,USD,320,590,390,390,480,320,260,590,170,90,70,90,170,0.87,2.14
Sports Tickets,sports tickets websites,USD,260,260,140,90,210,210,590,210,70,90,320,390,260,0.79,2.52
Sports Tickets,cheapest sports tickets,USD,170,260,210,170,140,110,170,210,170,90,210,260,210,0.84,2.18
Sports Tickets,buy sports tickets,USD,390,480,390,390,320,320,480,390,320,260,390,390,390,0.7,2.28
Sports Tickets,sports tickets online,USD,390,720,590,720,320,170,140,210,390,390,390,480,590,0.77,2.51
Sports Tickets,tickets sports,USD,210,210,210,210,170,170,260,210,210,260,210,210,260,0.47,2.25
Sports Tickets,sports ticket,USD,260,480,320,320,260,210,260,320,210,210,260,260,260,0.61,2.18
Sports Tickets,sporting tickets,USD,390,480,480,480,320,260,390,390,320,320,480,390,590,0.63,2.64
Sports Tickets,buy sports tickets online,USD,210,320,260,210,210,170,210,170,140,110,140,170,260,0.76,1.79
Sports Tickets,sport tickets for sale,USD,50,40,40,20,20,20,10,50,50,70,70,140,20,0.72,1.52
Sports Tickets,sport ticket,USD,260,390,260,320,320,210,260,210,260,210,210,260,210,0.31,1.53
Sports Tickets,buying sports tickets,USD,30,40,40,30,20,10,50,50,30,20,40,50,30,0.57,2.47
Sports Tickets,sporting event tickets,USD,590,720,720,720,590,480,720,590,480,390,480,480,590,0.81,2.49
Sports Tickets,tickets for sports,USD,50,90,50,30,90,20,50,50,50,40,40,50,20,0.79,2.85
Sports Tickets,tickets sport,USD,140,170,140,170,140,110,110,110,110,110,110,110,210,0.13,0.85
Sports Tickets,sports ticket sales,USD,70,90,50,50,70,70,90,50,70,50,50,40,50,0.57,1.67
Sports Tickets,tickets for sporting events,USD,140,210,210,210,170,90,170,90,70,110,110,140,170,0.81,3.77
Sports Tickets,buy sport tickets,USD,40,40,40,30,20,20,40,30,40,40,30,40,40,0.69,4.09
Sports Tickets,online sports tickets,USD,90,170,140,70,70,70,90,110,70,70,70,90,90,0.76,2.19
Sports Tickets,sports ticket brokers,USD,40,50,20,30,50,20,70,50,30,20,50,50,50,0.6,0.75
Tickets Online,buy tickets online,USD,5400,4400,4400,5400,5400,5400,5400,4400,5400,3600,5400,3600,5400,0.76,2.24
Tickets Online,online tickets,USD,4400,4400,4400,4400,4400,3600,3600,3600,3600,3600,4400,4400,4400,0.71,1.54
Tickets Online,ticket online,USD,27100,33100,40500,49500,40500,27100,27100,18100,22200,22200,22200,18100,22200,0.24,0.22
Tickets Online,tickets online,USD,9900,9900,9900,12100,9900,8100,9900,8100,8100,6600,8100,8100,8100,0.62,0.78
Tickets Online,online ticket,USD,4400,4400,5400,5400,4400,3600,4400,4400,4400,4400,5400,5400,5400,0.44,0.85
Tickets Online,buy concert tickets online,USD,720,880,880,720,720,880,880,720,720,590,880,880,720,0.69,3.54
Tickets Online,online ticket sales,USD,1600,1600,1600,1300,1600,1600,1600,1600,1300,1300,1300,1600,1600,0.87,8.47
Tickets Online,concert tickets online,USD,320,320,390,320,320,390,390,390,320,390,320,320,320,0.74,2.4
Tickets Online,find tickets online,USD,90,70,70,50,90,110,110,90,110,70,50,70,90,0.69,2.22
Tickets Online,online concert tickets,USD,210,210,210,210,210,260,260,210,170,210,170,210,260,0.67,2.11
Tickets Online,event tickets online,USD,260,210,170,210,260,210,320,260,260,210,210,260,260,0.81,5.18
Cheap Sports,cheap sports tickets,USD,2900,4400,4400,4400,3600,1900,2900,2900,1900,1900,2400,2900,3600,0.9,2.07
Cheap Sports,cheap tickets sports,USD,390,480,590,480,390,260,390,480,320,320,320,480,480,0.79,1.78
Cheap Sports,cheap sport tickets,USD,320,480,390,320,260,210,260,320,210,170,260,320,320,0.91,2.76
Cheap Sports,cheap sporting tickets,USD,170,210,210,170,140,90,140,170,110,90,110,170,210,0.92,2.18
Cheap Sports,cheap tickets for sports,USD,90,110,110,110,110,110,90,90,40,10,50,70,90,0.83,1.72
Cheap Sports,cheap sporting event tickets,USD,110,170,140,140,110,90,140,140,90,90,140,140,110,0.93,2.09
Sell Tickets,sell tickets,USD,5400,5400,5400,4400,4400,4400,5400,5400,6600,6600,5400,5400,5400,0.76,4.15
Sell Tickets,sell tickets online,USD,3600,3600,3600,2900,2900,3600,4400,3600,4400,4400,4400,3600,3600,0.87,10.57
Sell Tickets,selling tickets,USD,1000,1300,1000,880,1000,1000,1300,1000,1300,1300,1000,1000,1000,0.69,4.37
Sell Tickets,sell my tickets,USD,720,720,720,590,480,480,590,590,880,720,720,720,720,0.82,2.42
Sell Tickets,buy and sell tickets,USD,480,590,480,480,480,480,480,390,480,390,480,480,390,0.72,2.87
Sell Tickets,selling tickets online,USD,720,590,720,590,590,720,880,720,880,880,880,720,880,0.9,5.77
Sell Tickets,how to sell tickets,USD,480,480,390,320,320,390,480,480,480,480,480,480,480,0.7,2.91
Sell Tickets,how to sell tickets online,USD,480,590,390,390,480,480,480,590,590,480,590,590,590,0.88,7.99
Sell Tickets,ticket selling websites,USD,590,720,720,110,320,390,590,720,880,590,320,480,720,0.92,7.28
Sell Tickets,sell gig tickets,USD,390,590,720,260,390,480,480,320,480,390,260,210,320,0.55,1.97
Sell Tickets,buy sell tickets,USD,210,210,210,170,170,170,210,210,170,170,170,210,210,0.62,2.96
Sell Tickets,where to sell tickets,USD,260,210,260,210,260,170,260,260,320,320,320,320,260,0.68,3.3
Sell Tickets,sell your tickets,USD,390,390,320,320,260,320,320,390,480,480,390,390,390,0.86,4.47
Sell Tickets,tickets to sell,USD,90,90,90,50,70,70,90,90,90,90,70,90,70,0.84,2.83
Sell Tickets,sell ticket,USD,210,260,210,170,140,170,170,210,210,210,260,170,170,0.58,4.17
Sell Tickets,ticket sell,USD,110,110,140,110,110,110,110,110,110,110,170,140,110,0.54,2.04
Sell Tickets,ticket selling,USD,320,320,320,260,260,260,320,320,320,260,390,320,260,0.43,3.42
Sell Tickets,buy and sell tickets online,USD,90,110,70,110,90,90,90,70,70,70,50,70,90,0.77,3.85
Discount Tickets,discount concert tickets,USD,1900,1900,1900,1600,1600,1900,1900,1900,1600,1900,1900,1600,1600,0.92,1.84
Discount Tickets,discount sports tickets,USD,390,590,390,480,260,210,480,480,260,260,320,320,320,0.82,1.93
Discount Tickets,discount event tickets,USD,260,320,210,260,260,260,260,320,210,170,260,210,260,0.95,1.97
Discount Tickets,discount sport tickets,USD,40,70,50,70,40,30,40,50,30,20,20,40,30,0.8,2.78
Discount Tickets,discount tickets,USD,8100,5400,4400,5400,4400,4400,6600,12100,8100,8100,12100,12100,9900,0.28,1.49
Discount Tickets,discount theater tickets,USD,720,590,720,880,720,720,880,720,590,590,590,480,480,0.85,1.14
Discount Tickets,discount basketball tickets,USD,40,50,110,90,70,40,50,30,10,10,10,10,20,0.75,1.81
Cheap Concert,cheap concert tickets,USD,18100,14800,18100,18100,14800,18100,18100,18100,18100,18100,22200,22200,18100,0.93,3.13
Cheap Concert,concert tickets for cheap,USD,480,320,390,320,390,590,590,590,390,390,590,480,480,0.91,1.97
Cheap Concert,cheap concert tickets for sale,USD,210,140,170,110,110,140,90,260,320,110,320,720,90,0.96,2.06
Cheap Concert,cheap tickets concert,USD,720,590,720,720,590,590,720,720,720,720,880,880,880,0.87,2.59
Cheap Concert,concert tickets cheap,USD,590,720,880,1300,1000,480,210,320,390,480,480,590,480,0.9,2.19
Cheap Concert,cheap tickets for concerts,USD,480,480,480,480,480,480,480,390,480,480,720,590,720,0.93,1.27
Cheap Concert,cheap concert tickets online,USD,390,590,590,170,170,260,260,210,210,210,1000,390,260,0.96,1.18
Ticket Sales,tickets for sale,USD,2400,2400,2400,2400,2400,2400,2400,2400,2400,1900,2400,2400,2400,0.82,1.8
Ticket Sales,ticket sales,USD,2900,2900,2900,2900,2900,2900,3600,3600,2900,2900,2900,2900,2900,0.62,1.84
Ticket Sales,concert tickets for sale,USD,2400,2400,2400,1600,1000,1900,1900,2400,2400,1600,2900,2900,2900,0.91,1.67
Ticket Sales,baseball tickets for sale,USD,140,140,40,50,50,40,90,320,320,210,90,170,40,0.91,1.64
Ticket Sales,concert ticket sales,USD,260,260,260,260,210,210,320,260,260,260,260,210,210,0.67,2.14
Ticket Sales,tickets on sale,USD,590,480,590,480,590,590,720,590,590,590,590,480,590,0.65,2.14
Ticket Sales,sale tickets,USD,260,210,260,320,260,210,260,260,260,260,320,320,260,0.63,1.45
Ticket Sales,ticket for sale,USD,210,210,210,170,210,210,210,210,210,210,210,210,210,0.67,1.59
Buy Tickets,buy tickets,USD,12100,8100,9900,9900,8100,8100,9900,12100,12100,12100,14800,14800,14800,0.34,2.09
Buy Tickets,buy sold out tickets,USD,260,320,260,210,210,260,260,260,260,210,260,260,260,0.72,1.05
Buy Tickets,where to buy tickets,USD,480,480,590,480,480,480,480,480,480,390,480,590,480,0.51,2.41
Buy Tickets,buying tickets,USD,390,390,390,390,390,390,390,390,390,320,320,390,390,0.48,2.06
Buy Tickets,tickets buy,USD,90,70,110,70,90,110,90,90,70,90,90,110,110,0.42,0.72
Buy Tickets,buy tickets now,USD,210,210,260,210,210,210,260,260,210,210,170,210,260,0.39,0.94
Buy Tickets,ticket buy,USD,140,140,140,110,140,140,170,140,170,170,170,170,140,0.29,1.48
Cheap Tickets,cheap event tickets,USD,1000,1300,1000,1300,1300,1000,1300,1000,880,1000,1000,1000,1300,0.99,2.33
Cheap Tickets,cheap basketball tickets,USD,590,720,1000,1300,1000,880,880,480,260,50,50,170,210,0.85,1.36
Cheap Tickets,cheap theater tickets,USD,880,1000,1000,1300,1000,880,880,590,720,720,880,720,720,0.88,1.5
Cheap Tickets,cheap show tickets,USD,390,480,480,590,480,480,480,320,320,320,320,320,480,0.78,1.48
Cheap Tickets,cheap baseball tickets,USD,1000,390,90,90,210,390,1300,2400,1900,1900,1900,1600,1000,0.91,1.92
Cheap Tickets,cheap game tickets,USD,320,480,390,320,170,140,210,320,260,170,210,320,480,0.76,1.15
Cheap Tickets,cheap lady gaga tickets,USD,170,10,40,210,140,320,260,210,320,170,320,70,20,0.86,2.23
Cheap Tickets,buy cheap tickets,USD,590,590,480,480,480,480,590,590,590,480,720,480,590,0.85,1.19
Cheap Tickets,cheap football tickets,USD,2400,4400,3600,2400,1600,1000,1000,1000,720,590,1600,3600,5400,0.92,3.72
Cheap Tickets,cheap movie tickets,USD,4400,2900,4400,4400,4400,2400,2900,4400,4400,5400,6600,5400,3600,0.56,1.16
Cheap Tickets,cheap tickets basketball,USD,70,70,170,110,110,90,90,70,10,10,10,20,20,0.84,1.57
Theatre Tickets,book theatre tickets,USD,170,170,210,170,260,170,110,140,140,110,140,170,170,0.71,1.18
Theatre Tickets,theatre tickets,USD,49500,49500,60500,74000,60500,49500,49500,49500,40500,40500,40500,49500,49500,0.7,1.57
Theatre Tickets,uk theatre tickets,USD,390,590,590,590,590,390,390,210,210,210,210,260,210,0.72,1.25
Theatre Tickets,cheapest theatre tickets,USD,390,390,480,480,590,480,390,320,260,210,260,320,390,0.89,1.34
Theatre Tickets,buy theatre tickets,USD,260,260,260,390,320,260,210,170,170,170,210,210,260,0.76,1.12
Theatre Tickets,tickets theatre,USD,170,210,260,210,210,140,140,140,110,90,90,110,170,0.72,0.74
Theatre Tickets,tickets for theatre,USD,70,90,90,110,90,70,50,70,70,50,50,90,90,0.84,1.27
Theatre Tickets,ticket theatre,USD,590,880,720,880,720,590,480,390,480,320,390,480,880,0.33,0.36
Theatre Tickets,2 for 1 theatre tickets,USD,590,880,880,880,880,590,590,590,390,390,390,590,480,0.84,0.49
Theatre Tickets,late theatre tickets,USD,210,390,320,110,70,320,210,210,210,170,260,320,170,0.81,0.95
Theatre Tickets,sell theatre tickets,USD,210,210,210,320,320,320,210,210,210,260,210,170,210,0.8,1.13
Theatre Tickets,theatre ticket deals,USD,390,390,480,480,480,320,390,320,260,260,320,390,390,0.9,1.06
Theatre Tickets,compare theatre tickets,USD,1000,1600,1300,1000,1600,1000,1000,880,880,720,1000,1000,880,0.45,0.36
Theatre Tickets,group theatre tickets,USD,70,90,70,40,110,90,50,50,70,40,50,50,70,0.67,0.76
Theatre Tickets,last minute theatre tickets,USD,8100,12100,12100,12100,6600,9900,9900,12100,6600,2900,5400,5400,3600,0.59,0.79
Theatre Tickets,theatre tickets direct,USD,1600,2400,2400,1600,1600,1300,1300,1300,1000,1300,1300,1300,1600,0.67,0.5
Theatre Tickets,online theatre tickets,USD,140,140,110,170,210,170,210,110,110,90,50,70,90,0.66,1.12
Theatre Tickets,theatre ticket vouchers,USD,1000,720,1900,3600,880,880,880,720,590,720,720,590,720,0.86,1.84
Theatre Tickets,half price theatre tickets,USD,1600,1300,1300,2400,2400,1900,1000,1000,1600,1300,1000,1300,1300,0.85,0.96
Theatre Tickets,theatre tickets uk,USD,140,170,170,260,170,140,170,110,110,110,110,140,110,0.8,1.15
Theatre Tickets,tickets to the theatre,USD,30,30,30,30,30,30,30,30,20,10,10,20,20,0.63,1.05
Theatre Tickets,theatre ticket offers,USD,170,260,210,260,210,170,140,140,140,140,170,170,170,0.91,1.13
Theatre Tickets,family theatre tickets,USD,40,50,50,90,50,50,50,50,20,10,10,20,10,0.54,0.78
Theatre Tickets,bargain theatre tickets,USD,70,140,110,50,70,90,90,70,70,50,50,50,50,0.88,0.98
Theatre Tickets,dirty dancing theatre tickets,USD,720,1000,1000,1300,1600,1300,590,320,390,320,320,390,480,0.54,0.85
Events Tickets,event tickets,USD,6600,6600,6600,6600,6600,6600,6600,6600,6600,5400,5400,6600,8100,0.87,3.73
Events Tickets,events tickets,USD,390,480,480,590,480,320,390,390,390,320,320,480,390,0.48,1.88
Events Tickets,event ticket,USD,3600,2900,3600,3600,2900,2400,3600,3600,3600,3600,4400,3600,4400,0.35,2.35
Events Tickets,tickets events,USD,210,260,320,320,170,170,210,170,210,140,170,210,210,0.45,1.16
Events Tickets,tickets for events,USD,320,390,320,320,320,480,390,320,320,260,320,320,390,0.97,3.01
Events Tickets,buy event tickets,USD,170,210,210,170,170,170,210,170,170,170,140,170,140,0.93,2.5
Events Tickets,ticket events,USD,210,170,210,170,210,210,210,210,210,210,170,140,210,0.5,1.97
Events Tickets,ticket event,USD,880,880,1300,1300,880,720,880,720,880,590,590,720,1300,0.29,0.41
Events Tickets,event ticket printing,USD,1000,1000,880,720,1300,1000,1300,1000,1000,1000,1000,1000,1300,1,5.4
Events Tickets,custom event tickets,USD,480,480,390,260,480,480,480,590,390,390,480,480,480,1,6.22
King Tickets,la kings tickets,USD,8100,8100,8100,9900,9900,4400,6600,6600,14800,14800,1600,2400,5400,0.81,4.33
King Tickets,kings of leon tickets,USD,6600,3600,6600,14800,8100,9900,6600,6600,9900,6600,3600,2900,2900,0.76,4.2
King Tickets,kings tickets,USD,5400,5400,8100,9900,6600,4400,5400,4400,8100,8100,480,880,2400,0.75,3.26
King Tickets,lion king tickets,USD,60500,60500,74000,90500,74000,60500,60500,74000,60500,49500,49500,60500,60500,0.79,1.36
King Tickets,the lion king tickets,USD,3600,3600,4400,5400,4400,3600,4400,5400,3600,2400,2400,3600,2900,0.84,1.66
King Tickets,lion king theatre tickets,USD,1900,1900,1900,2400,2400,1900,1600,1900,1600,1300,1600,1900,1900,0.87,1.52
King Tickets,cheap lion king tickets,USD,2400,2900,2400,2900,2400,2400,2400,2900,2400,1900,2400,2900,2400,0.92,0.93
King Tickets,lion king london tickets,USD,1900,1900,1900,1900,2400,1900,1900,2400,1600,1600,1900,1900,4400,0.78,2.12
King Tickets,tickets for lion king,USD,880,880,880,1300,1000,880,720,1000,880,720,590,880,1000,0.89,1.6
King Tickets,ticket king,USD,6600,8100,8100,8100,6600,5400,6600,6600,6600,6600,9900,8100,8100,0.17,0.41
King Tickets,lion king discount tickets,USD,1000,1000,1300,1600,1000,880,880,1000,880,880,1000,1000,1000,0.9,0.96
King Tickets,lion king tickets london,USD,5400,12100,8100,5400,6600,5400,4400,6600,4400,4400,4400,4400,4400,0.88,1.89
King Tickets,lion king broadway tickets,USD,1900,1600,1900,2400,1900,1600,1900,2400,1900,1900,1900,2400,1900,0.83,1.69
Lakers Tickets,la lakers tickets,USD,2400,3600,3600,4400,3600,2900,2900,1900,1000,880,1300,2900,2900,0.56,2.08
Lakers Tickets,lakers tickets,USD,12100,18100,27100,27100,14800,12100,12100,6600,1900,1600,3600,8100,9900,0.67,1.77
Lakers Tickets,cheap laker tickets,USD,480,720,1000,1300,590,480,390,210,10,10,40,170,210,0.92,1.64
Lakers Tickets,laker tickets,USD,5400,8100,12100,18100,6600,6600,5400,2900,720,720,1300,2900,3600,0.61,1.34
Lakers Tickets,laker tickets for sale,USD,90,50,70,170,320,260,40,10,40,30,90,20,20,0.87,2.11
Selling Concert,sell concert tickets,USD,2400,2900,2400,1900,1900,2400,2400,2400,3600,2900,2900,2900,2900,0.8,2.73
Selling Concert,selling concert tickets,USD,720,1000,880,720,590,720,720,720,1000,880,720,720,720,0.83,2.41
Selling Concert,how to sell concert tickets,USD,720,720,720,480,480,590,720,720,1000,880,1000,880,720,0.77,2.83
Selling Concert,sell concert tickets online,USD,720,590,720,720,720,880,720,880,1000,1000,1300,390,260,0.73,4.55
Selling Concert,where to sell concert tickets,USD,320,320,260,260,210,260,260,390,480,390,390,390,320,0.8,3.08
Bieber Tickets,justin bieber tickets,USD,4400,8100,9900,9900,5400,2900,3600,3600,3600,2900,2400,2900,1600,0.54,0.54
Bieber Tickets,justin bieber concert tickets,USD,1000,1600,1900,1900,1300,720,720,720,590,590,480,480,390,0.51,0.89
Bieber Tickets,justin bieber tickets uk,USD,70,140,170,140,70,50,40,30,90,70,50,50,20,0.39,
Bieber Tickets,justin bieber ticket,USD,170,260,320,390,210,90,110,90,140,70,90,90,70,0.13,
Bieber Tickets,cheap justin bieber tickets,USD,40,90,140,70,50,30,20,20,20,20,10,20,10,0.71,0.34
Football Tickets,football tickets for sale,USD,880,1000,1300,1300,480,880,590,480,720,390,720,1600,320,0.89,1.23
Football Tickets,football tickets,USD,12100,18100,14800,14800,12100,9900,12100,12100,8100,5400,8100,18100,22200,0.81,3.48
Football Tickets,buy football tickets,USD,880,1300,1000,1000,1000,880,880,1000,480,320,590,1300,1300,0.81,1.64
Football Tickets,football tickets online,USD,390,480,480,880,880,590,110,170,90,50,90,210,320,0.76,1.51
Football Tickets,football ticket,USD,1000,1600,1000,1000,1000,880,880,880,590,590,880,1300,1600,0.61,1.59
Football Tickets,buying football tickets,USD,70,90,70,50,70,70,70,70,30,40,30,140,110,0.76,2.37
Football Tickets,football game tickets,USD,320,590,390,390,260,140,140,170,170,110,170,480,720,0.65,2.51
Football Tickets,arsenal football tickets,USD,1300,1900,1900,1900,1600,1000,1000,880,480,390,880,1600,1600,0.75,1.13
Football Tickets,ticket football,USD,320,390,320,320,320,320,320,320,170,170,210,390,480,0.5,0.6
Football Tickets,tickets football,USD,320,480,320,260,260,260,260,320,170,140,210,390,480,0.61,0.78
Musical Tickets,musical tickets,USD,4400,3600,4400,6600,3600,2900,3600,3600,3600,3600,3600,4400,4400,0.41,1.2
Musical Tickets,music tickets,USD,1300,1600,1900,1900,1300,1300,1300,1000,1000,1000,1300,1300,1600,0.52,1.33
Musical Tickets,cheap musical tickets,USD,590,880,880,720,880,720,720,590,590,390,590,590,480,0.89,1.24
Musical Tickets,buy music tickets,USD,40,40,50,40,30,40,40,40,30,30,30,40,30,0.66,0.82
Musical Tickets,musicals tickets,USD,170,210,260,390,170,170,140,170,140,140,140,140,140,0.8,1.09
Musical Tickets,music ticket,USD,210,210,260,260,210,170,210,170,210,210,170,210,260,0.18,0.66
Musical Tickets,music concert tickets,USD,320,390,320,480,260,260,320,260,320,260,260,260,320,0.49,1.15
Musical Tickets,music tickets online,USD,40,70,90,50,40,10,10,20,20,20,40,50,70,0.55,1.31
Musical Tickets,tickets music,USD,90,110,140,140,110,70,110,90,90,110,70,70,90,0.24,1.21
Discounted Theatre,discount theatre tickets,USD,4400,6600,6600,5400,6600,5400,5400,4400,3600,2900,3600,4400,3600,0.86,0.94
Discounted Theatre,discounted theatre tickets,USD,590,720,720,880,880,590,590,480,480,390,480,480,480,0.88,1.21
Discounted Theatre,theatre tickets discount,USD,140,170,140,170,170,110,110,90,110,110,110,110,110,0.83,1.06
Discounted Theatre,theatre discount tickets,USD,110,170,210,90,170,70,70,70,70,70,110,140,140,0.83,0.79
Discounted Theatre,discount theatre,USD,1300,1600,1600,1600,1600,1300,1300,1000,1300,1000,1600,1600,1600,0.5,0.46
Cheap Theatre,cheap theatre tickets,USD,18100,22200,22200,27100,33100,27100,22200,14800,14800,12100,14800,14800,14800,0.91,1.41
Cheap Theatre,theatre tickets cheap,USD,260,260,260,320,260,320,260,170,210,210,260,260,210,0.87,1.14
Cheap Theatre,cheap tickets theatre,USD,110,170,170,170,140,170,110,110,90,70,70,90,90,0.85,1.24
Cheap Theatre,cheap london theatre tickets,USD,5400,6600,5400,5400,6600,5400,5400,4400,4400,3600,4400,5400,4400,0.89,1.33
Cheap Theatre,cheap theatre tickets london,USD,8100,14800,12100,4400,6600,4400,3600,12100,6600,8100,12100,12100,9900,0.9,1.44
Cheap Theatre,cheap theatre ticket,USD,90,70,90,90,110,90,90,90,70,40,70,90,70,0.88,1.64
Musical London,musical london tickets,USD,1000,1000,1000,1000,1300,1000,1300,880,1000,1000,1300,1300,1000,0.76,1.84
Musical London,musicals london tickets,USD,320,260,260,260,320,320,480,390,390,260,260,390,480,0.77,1.92
Musical London,london musical tickets,USD,2900,2900,2900,2900,3600,2900,2900,2900,2400,2400,2900,2400,1900,0.83,1.74
Musical London,musical tickets london,USD,1300,1600,1600,1600,1300,1300,1000,1300,1000,880,1000,1000,1000,0.84,2.14
Musical London,london musicals,USD,18100,22200,22200,18100,22200,18100,18100,18100,18100,14800,14800,18100,18100,0.61,1.34
Musical London,musicals in london,USD,14800,14800,18100,14800,18100,14800,14800,12100,12100,12100,12100,12100,14800,0.65,0.96
Musical London,musical london,USD,14800,18100,14800,14800,18100,14800,14800,14800,12100,12100,14800,18100,18100,0.6,1.67
Musical London,musicals london,USD,9900,12100,9900,8100,12100,9900,9900,8100,8100,8100,8100,9900,9900,0.62,1.45
Musical London,london musical,USD,6600,6600,5400,5400,6600,6600,6600,6600,5400,5400,6600,6600,6600,0.58,1.47
Theater,theater tickets,USD,4400,4400,4400,6600,5400,4400,4400,4400,4400,4400,4400,4400,4400,0.49,1.4
Theater,tickets theater,USD,90,140,140,170,110,70,70,50,90,50,50,70,90,0.58,0.54
Theater,theater shows,USD,1300,720,880,1000,1000,720,1000,1300,1300,1300,1600,1600,1600,0.12,1.08
Theater,purchase theater tickets,USD,590,390,390,390,390,390,590,720,720,720,880,720,880,0.01,1.19
Theater,chicago theater tickets,USD,1600,1600,1600,1900,1600,1600,2900,1900,880,720,1000,1000,1300,0.82,1.6
Theatre,theatre bookings,USD,210,260,260,210,210,210,170,170,170,110,140,210,210,0.74,1.55
Theatre,last minute theatre,USD,6600,3600,4400,5400,9900,9900,4400,4400,8100,6600,8100,9900,8100,0.22,0.23
Theatre,theatre shows,USD,2400,2400,2400,2900,2900,2400,2900,2400,2400,1900,2400,2400,2900,0.42,0.87
Theatre,palace theatre,USD,33100,40500,40500,40500,40500,33100,40500,27100,27100,22200,22200,18100,22200,0.05,0.9
Theatre,theatre deals,USD,1600,1900,2400,1900,2400,1600,1600,1300,1000,1000,1300,1300,1600,0.89,1.56
Theatre,get into london theatre,USD,4400,1000,2900,27100,12100,2900,1000,880,590,590,590,590,590,0.25,1.17
Theatre,theatre,USD,135000,135000,135000,135000,135000,135000,135000,135000,135000,110000,110000,110000,135000,0.13,0.73
Theatre,garrick theatre,USD,14800,18100,22200,18100,18100,14800,14800,9900,12100,8100,9900,14800,8100,0.13,0.97
Theatre,playhouse theatre,USD,9900,6600,6600,5400,6600,5400,8100,8100,12100,12100,12100,12100,9900,0.06,1.04
Theatre,wyndham theatre,USD,4400,2900,2900,4400,6600,6600,4400,2900,1900,12100,6600,2900,2900,0.32,1.18
Theatre,lyceum theatre,USD,33100,40500,33100,40500,40500,33100,27100,33100,27100,27100,27100,27100,27100,0.18,0.84
Theatre,whats on london theatre,USD,1600,1900,1900,1600,1900,1600,1600,1000,880,880,1600,1600,1900,0.27,0.86
Theatre,musical theatre,USD,8100,6600,8100,5400,8100,8100,8100,8100,8100,6600,6600,6600,8100,0.09,2.4
Theatre,lion king theatre,USD,3600,3600,3600,3600,3600,3600,2900,3600,3600,2900,2900,3600,3600,0.39,0.78
Theatre,palladium theatre,USD,3600,2900,5400,5400,5400,4400,2900,2400,1900,2900,2400,3600,2400,0.14,0.44
Theatre,savoy theatre,USD,9900,8100,9900,8100,9900,6600,9900,12100,9900,8100,9900,9900,12100,0.16,0.74
Theatre,queens theatre,USD,9900,9900,9900,12100,12100,9900,9900,9900,9900,8100,9900,9900,9900,0.26,1.03
Theatre,london palladium theatre,USD,880,1000,720,720,1300,1000,2900,590,390,480,590,590,880,0.32,0.77
Theatre,theatre offers,USD,320,390,390,480,390,390,260,210,260,210,260,260,210,0.84,1.27
Theatre,official london theatre,USD,1900,1900,1900,1900,2400,1900,1900,1900,1900,1900,1600,1900,1900,0.05,1.71
Theatre,lyric theatre,USD,22200,22200,27100,27100,22200,22200,18100,22200,22200,18100,22200,27100,22200,0.15,0.93
Theatre,dominion theatre,USD,12100,12100,12100,12100,12100,12100,18100,14800,14800,9900,9900,8100,18100,0.27,1.24
Theatre,london theatres,USD,8100,9900,8100,8100,9900,6600,6600,6600,6600,5400,5400,6600,6600,0.76,1.17
Theatre,adelphi theatre,USD,18100,22200,27100,27100,27100,22200,18100,14800,14800,14800,14800,18100,5400,0.21,0.72
Theatre,piccadilly theatre,USD,12100,12100,12100,14800,14800,12100,8100,9900,9900,8100,12100,9900,9900,0.33,0.88
Theatre,aldwych theatre,USD,18100,12100,6600,14800,12100,8100,33100,12100,27100,22200,18100,22200,22200,0.18,0.73
Theatre,apollo victoria theatre,USD,12100,9900,9900,22200,14800,12100,12100,9900,9900,9900,12100,12100,12100,0.18,1.22
Theatre,theatres in london,USD,5400,5400,5400,5400,6600,5400,5400,4400,4400,3600,3600,4400,5400,0.74,0.96
West End,west end musicals,USD,9900,12100,14800,12100,12100,9900,9900,9900,9900,9900,9900,9900,12100,0.56,0.85
West End,west end theatres,USD,1000,1000,1000,1300,1300,1000,1000,880,880,880,880,720,880,0.47,1.07
West End,west end musical,USD,720,720,720,590,720,590,720,590,590,720,720,590,720,0.43,0.77
West End,west end theatre shows,USD,480,480,480,480,590,390,390,320,320,320,390,880,1000,0.73,1.22
West End,west end shows london,USD,5400,8100,5400,6600,8100,6600,5400,3600,4400,5400,5400,6600,6600,0.71,1.4
Tickets Las,celine dion las vegas tickets,USD,1900,1600,2900,2900,3600,1600,880,880,1600,2400,2400,1600,590,0.44,0.99
Tickets Las,las vegas tickets,USD,5400,4400,4400,5400,5400,5400,5400,5400,5400,4400,5400,5400,4400,0.82,1.97
Tickets Las,las vegas show tickets,USD,3600,3600,3600,3600,4400,3600,3600,3600,2900,2900,3600,3600,2900,0.93,2.85
Tickets Las,cher las vegas tickets,USD,70,50,30,20,30,40,110,210,260,70,30,20,10,0.59,
Tickets Las,cheap las vegas show tickets,USD,1000,1000,880,1000,1300,1300,1300,1000,1000,1000,1300,1300,1000,0.92,2.22
Tickets Las,half price tickets las vegas,USD,3600,2900,3600,3600,2900,2900,4400,3600,3600,3600,5400,4400,4400,0.54,0.81
London Tickets,les miserables london tickets,USD,2400,2400,2400,2900,2400,2400,2400,2400,2400,2400,2400,2900,2400,0.8,1.88
London Tickets,phantom of the opera london tickets,USD,1600,1900,1600,1600,1900,1600,1900,1600,1600,1600,1900,1600,1600,0.79,2.18
London Tickets,wicked london tickets,USD,2900,2900,3600,3600,3600,2900,2900,1600,1900,1600,2900,2900,3600,0.82,1.59
London Tickets,theatre tickets london,USD,12100,12100,12100,14800,18100,12100,9900,8100,8100,8100,12100,14800,12100,0.86,1.83
London Tickets,london tickets,USD,5400,5400,5400,5400,5400,5400,5400,5400,5400,5400,5400,5400,5400,0.78,1.21
London Tickets,london theatre tickets,USD,40500,40500,40500,40500,49500,40500,33100,33100,33100,27100,33100,33100,33100,0.86,2.27
London Tickets,theatre london tickets,USD,720,1000,590,390,880,880,880,590,320,480,720,720,720,0.76,1.37
London Tickets,tickets london,USD,2400,2900,2400,2400,2400,2400,2400,1900,1900,1600,1900,1900,1900,0.78,1.14
London Tickets,tickets london shows,USD,110,110,140,110,110,110,70,90,110,110,90,110,140,0.83,1.49
London Tickets,london theater tickets,USD,2900,2900,2400,2400,2900,2900,3600,2900,2900,2900,2900,2900,2400,0.87,2.59
London Tickets,london show tickets,USD,2900,3600,4400,3600,4400,2400,2400,2400,2900,2400,2900,3600,3600,0.84,1.2
London Tickets,tower of london tickets,USD,18100,14800,9900,9900,9900,12100,14800,18100,18100,18100,22200,40500,18100,0.74,1.62
London Tickets,tickets london theatre,USD,210,260,210,320,260,260,210,210,210,210,210,210,90,0.71,1.25
London Tickets,wicked tickets london,USD,4400,3600,4400,4400,4400,4400,3600,3600,3600,3600,4400,4400,4400,0.89,2.63
London Tickets,last minute london theatre tickets,USD,590,480,590,720,880,880,480,590,590,720,880,720,260,0.64,0.95
Broadway,broadway plays,USD,12100,12100,14800,12100,12100,9900,12100,12100,12100,12100,12100,12100,12100,0.64,1.04
Broadway,broadway musicals,USD,14800,14800,18100,14800,14800,14800,18100,18100,14800,14800,14800,14800,14800,0.48,0.97
Broadway,off broadway shows,USD,12100,12100,14800,14800,12100,12100,12100,12100,9900,9900,9900,9900,12100,0.73,1.6
Broadway,broadway musical,USD,6600,5400,5400,6600,6600,5400,6600,6600,6600,6600,6600,8100,6600,0.53,0.99
Broadway,cheap broadway tickets,USD,14800,9900,9900,14800,14800,14800,14800,14800,14800,14800,18100,14800,14800,0.92,2.22
Broadway,broadway tickets cheap,USD,2900,2900,1000,1900,1900,3600,1900,1600,2400,4400,5400,3600,3600,0.91,2.43
Broadway,broadway tickets,USD,40500,33100,40500,40500,33100,33100,40500,40500,33100,40500,40500,40500,33100,0.82,2.76
Broadway,broadway discounts,USD,1300,1000,1300,1600,1300,1000,1300,1300,1300,1000,1000,1300,880,0.87,1.58
Broadway,broadway show tickets,USD,12100,12100,14800,18100,12100,9900,12100,12100,12100,12100,14800,14800,14800,0.79,2.3
Broadway,buy broadway tickets,USD,720,590,590,720,720,720,880,720,720,880,720,720,720,0.81,2.59
Broadway,last minute broadway tickets,USD,1900,1600,1600,1900,1900,1900,1900,2400,1900,1900,2400,2400,1900,0.84,1.69
Broadway,broadway cheap tickets,USD,720,590,720,720,590,480,720,720,720,720,720,720,720,0.87,1.65
Broadway,discount broadway tickets,USD,18100,14800,18100,22200,18100,18100,18100,18100,18100,18100,18100,18100,14800,0.93,2.53
Broadway,discount tickets broadway,USD,1000,1000,1000,1300,880,1000,1300,1000,1000,1000,1300,1000,880,0.9,1.72
Broadway,broadway discount tickets,USD,5400,3600,4400,5400,5400,4400,5400,5400,4400,5400,5400,5400,4400,0.91,1.94
Broadway,tickets broadway,USD,1600,1600,1300,1600,1300,1300,1600,1900,1600,1600,1600,1900,1600,0.78,1.59
Broadway,broadway plays list,USD,1300,1000,1300,1300,1300,1000,1000,1300,1600,1900,1900,1300,480,0.56,0.74
Broadway,broadway shows nyc,USD,49500,49500,60500,60500,60500,49500,60500,49500,49500,60500,60500,60500,27100,0.72,1.67
Broadway,broadway tickets discount,USD,2400,880,1300,5400,2400,720,1900,3600,3600,2400,1300,2900,2400,0.9,2.11
Wicked Tickets,wicked tickets,USD,60500,49500,60500,60500,60500,60500,60500,49500,49500,49500,49500,49500,60500,0.84,1.74
Wicked Tickets,tickets for wicked,USD,2400,2900,3600,2900,2400,2900,2400,1900,2400,1900,1900,2400,2900,0.9,1.78
Wicked Tickets,cheap wicked tickets,USD,1600,1900,1600,1300,1600,1600,1300,1300,1300,1300,1600,1900,1900,0.92,1.3
Wicked Tickets,wicked theatre tickets,USD,1600,1900,1900,1900,1600,1600,1600,1000,1000,1000,1300,1300,1300,0.91,2.12
Wicked Tickets,wicked broadway tickets,USD,1900,2900,3600,1900,2400,2400,2400,1600,1600,1600,1600,1900,1900,0.83,2.89
Wicked Tickets,tickets to wicked,USD,880,880,1000,1000,880,720,720,720,880,720,880,880,1000,0.82,1.37
Wicked Tickets,wicked discount tickets,USD,1000,880,1300,1300,1000,1000,1000,1000,880,880,1000,1000,1000,0.89,1.21
Wicked Tickets,discount wicked tickets,USD,880,880,1000,1000,880,880,880,880,720,720,880,880,880,0.91,1.05
End Tickets,west end theatre tickets,USD,2400,2900,2900,3600,2900,2400,1900,1900,1600,1600,1900,1900,1900,0.83,1.64
End Tickets,west end tickets,USD,3600,4400,4400,4400,4400,3600,2900,2900,2900,2900,2900,2900,4400,0.63,1.31
End Tickets,cheap west end tickets,USD,2400,2400,2400,2400,2900,2400,1600,1600,1900,1900,2400,2400,1900,0.8,1.01
End Tickets,west end musical tickets,USD,320,170,390,320,390,480,390,390,390,320,260,260,390,0.77,1.54
End Tickets,london west end tickets,USD,1600,1300,1600,1600,1900,1600,1600,1900,1600,1600,1300,880,590,0.72,1.4
End Tickets,west end show tickets,USD,720,880,880,1000,1000,720,590,590,590,480,590,720,590,0.82,1.55
Bowl Tickets,rose bowl tickets,USD,8100,1900,8100,74000,5400,590,880,880,590,480,1900,1000,1300,0.77,3.58
Bowl Tickets,gator bowl tickets,USD,1300,90,720,12100,390,20,20,10,10,10,10,20,70,0.56,0.92
Bowl Tickets,outback bowl tickets,USD,1000,90,590,9900,480,20,20,20,10,20,20,40,90,0.47,0.97
Bowl Tickets,pro bowl tickets,USD,1300,390,720,2400,9900,170,40,480,90,90,110,210,320,0.69,2.96
Bowl Tickets,cotton bowl tickets,USD,1900,880,1300,14800,2900,390,590,320,140,320,720,480,880,0.66,1.44
Bowl Tickets,orange bowl tickets,USD,2400,320,1000,22200,3600,110,140,110,70,70,90,140,170,0.53,2.68
Bowl Tickets,hollywood bowl tickets,USD,2900,1900,590,720,880,1900,2400,1900,4400,5400,8100,6600,2900,0.73,2.72
Bowl Tickets,fiesta bowl tickets,USD,1600,390,1600,14800,1300,50,50,50,40,20,70,110,170,0.58,3.41
Chelsea Tickets,chelsea fc tickets,USD,9900,9900,9900,9900,12100,12100,12100,12100,1900,1900,8100,12100,14800,0.71,1.36
Chelsea Tickets,chelsea lately tickets,USD,5400,5400,5400,4400,8100,6600,6600,5400,5400,5400,5400,4400,480,0.06,1.53
Chelsea Tickets,chelsea tickets,USD,22200,22200,22200,27100,27100,22200,27100,22200,4400,3600,14800,27100,33100,0.8,1.37
Chelsea Tickets,chelsea handler tickets,USD,2400,1000,880,880,8100,4400,4400,2900,1600,1600,1600,1300,260,0.1,0.95
Chelsea Tickets,chelsea football tickets,USD,1900,1900,2400,2900,2400,1900,1900,1900,720,720,1600,2900,3600,0.86,1.17
Movie Tickets,movie ticket,USD,9900,8100,9900,12100,8100,8100,8100,8100,9900,9900,9900,9900,9900,0.16,0.64
Movie Tickets,movie tickets,USD,74000,60500,110000,90500,74000,60500,60500,60500,74000,74000,74000,60500,49500,0.22,0.57
Movie Tickets,buy movie tickets,USD,6600,5400,12100,9900,5400,4400,5400,4400,6600,6600,4400,5400,2900,0.29,1
Movie Tickets,movie tickets online,USD,3600,2900,5400,5400,3600,2400,2400,3600,3600,2900,2900,2900,2400,0.25,0.14
Movie Tickets,online movie tickets,USD,2900,2900,2900,3600,4400,1600,1900,3600,2900,2900,2900,2900,3600,0.28,0.09
Movie Tickets,buy movie tickets online,USD,2400,2400,5400,4400,2400,1900,1900,1900,2900,2400,1900,1900,1000,0.36,0.95
Movie Tickets,movie ticket prices,USD,5400,2900,4400,5400,6600,5400,6600,6600,8100,6600,6600,8100,4400,0.28,0.45
Vegas Show,cheap vegas show tickets,USD,1900,1600,1600,1600,2400,1900,2400,1900,1900,1900,2400,1900,1900,0.92,3.24
Vegas Show,las vegas shows,USD,201000,201000,201000,201000,246000,201000,201000,165000,165000,165000,201000,201000,165000,0.79,1.25
Vegas Show,vegas shows,USD,60500,60500,60500,60500,74000,74000,74000,60500,60500,60500,60500,60500,60500,0.76,1.37
Vegas Show,vegas show tickets,USD,1900,1900,1900,1900,2400,1900,1900,1900,1900,1900,1900,1900,1900,0.87,2.43
Vegas Show,las vegas show,USD,9900,8100,9900,12100,12100,8100,9900,9900,9900,9900,9900,9900,8100,0.65,1.99
Vegas Show,discount vegas show tickets,USD,1600,1600,1600,1600,1900,1600,1900,1600,1600,1600,1600,1600,1300,0.88,1.26
Vegas Show,shows in vegas,USD,9900,8100,8100,8100,12100,9900,12100,9900,9900,9900,9900,9900,9900,0.68,1.44
Tickets,tickets now,USD,27100,27100,27100,27100,27100,22200,27100,27100,27100,22200,22200,22200,22200,0.49,0.67
Tickets,sold out tickets,USD,1600,1600,1600,1600,1900,1300,1300,1000,1300,1300,1600,1300,2400,0.25,1.16
Tickets,lady gaga tickets,USD,9900,1600,5400,18100,9900,33100,12100,8100,14800,6600,8100,6600,5400,0.6,1.65
Tickets,show tickets,USD,1600,1600,1900,2900,1900,1600,1600,1600,1300,1000,1300,1300,2400,0.46,0.73
Tickets,eminem tickets,USD,22200,22200,18100,12100,12100,22200,22200,6600,90500,18100,27100,9900,4400,0.25,0.61
Tickets,bruno mars tickets,USD,18100,22200,14800,9900,14800,90500,22200,14800,12100,9900,8100,4400,1900,0.73,2.15
Tickets,usher tickets,USD,1600,210,260,210,390,390,720,720,390,390,590,480,14800,0.83,2.51
Tickets,rihanna tickets,USD,1900,5400,3600,2400,1300,1300,1600,1000,1000,880,1000,1900,720,0.28,0.95
Tickets,gig tickets,USD,2400,2900,3600,2900,2400,1900,1900,1600,1900,1600,1900,1900,2400,0.32,0.86
Tickets,ticket websites,USD,2900,2900,3600,2900,2900,2900,2900,2900,2900,2400,2900,2900,2900,0.87,2.92
Tickets,michael buble tickets,USD,18100,22200,27100,49500,14800,14800,14800,40500,14800,6600,6600,5400,6600,0.88,2.01
Tickets,ticket now,USD,1600,1900,1900,1900,2400,1300,1600,1600,1900,1600,1600,1600,1600,0.43,0.63
Tickets,paramore tickets,USD,2900,5400,4400,2400,5400,1900,1900,1900,2400,3600,3600,1900,880,0.44,0.92
Tickets,prince tickets,USD,8100,390,720,4400,5400,22200,2900,2900,40500,5400,1000,590,720,0.28,2.13
Tickets,adele tickets,USD,590,880,1000,880,720,590,590,480,480,480,480,480,590,0.09,1.32
Tickets,ellie goulding tickets,USD,8100,8100,12100,14800,12100,14800,9900,5400,4400,3600,2400,1300,1300,0.12,0.64
Tickets,rammstein tickets,USD,880,880,880,880,880,880,720,720,720,880,880,1000,880,0.12,0.51
Tickets,black keys tickets,USD,1900,210,210,260,1000,170,210,320,6600,2400,4400,2900,5400,0.69,2.81
Tickets,o2 arena tickets,USD,1900,1900,4400,1900,1600,1900,2900,2400,1000,1000,1600,1300,1900,0.31,1.02
Tickets,ticket broker,USD,1000,1300,1000,1300,1000,1300,1300,1300,1300,880,1000,1000,1000,0.65,1.83
Tickets,celine dion tickets,USD,6600,8100,12100,9900,9900,6600,6600,4400,4400,6600,6600,4400,1900,0.53,0.62
Tickets,ticket hub,USD,14800,18100,18100,14800,14800,14800,14800,18100,12100,9900,9900,12100,12100,0.38,1.11
Tickets,vampire weekend tickets,USD,1000,2400,1600,1300,1000,720,1900,880,880,720,260,320,390,0.1,1.23
Tickets,blink 182 tickets,USD,1300,2400,1600,720,480,480,480,480,590,4400,1900,1900,590,0.18,0.48
Tickets,tinie tempah tickets,USD,1600,2400,3600,1900,1900,2400,3600,880,260,260,260,210,140,0.05,1.03
Tickets,lil wayne tickets,USD,880,1000,590,590,480,390,390,320,390,1600,1600,2900,1000,0.81,1.74
Tickets,james taylor tickets,USD,2400,170,590,1600,880,3600,3600,1600,1900,2900,2900,1300,4400,0.9,4.09
Tickets,elton john tickets,USD,5400,6600,12100,6600,6600,3600,3600,3600,3600,4400,1900,1900,3600,0.83,3.24
Tickets,o2 tickets,USD,5400,8100,14800,8100,4400,4400,4400,3600,3600,2900,2900,2400,4400,0.24,1.41
Tickets,ticket stub,USD,12100,14800,14800,12100,9900,9900,12100,12100,12100,9900,9900,12100,12100,0.2,0.31
Tickets,plan b tickets,USD,260,320,590,320,260,390,210,210,320,170,140,170,210,0.11,0.83
Tickets,muse tickets,USD,1300,2400,2900,2400,1000,720,720,880,880,720,720,720,880,0.16,0.72
Tickets,david guetta tickets,USD,720,720,480,480,390,390,590,720,1000,590,880,1600,720,0.27,0.68
Tickets,ticket exchange,USD,27100,40500,40500,40500,33100,14800,18100,22200,18100,12100,18100,27100,33100,0.37,0.88
Tickets,olly murs tickets,USD,1300,2400,2400,2400,1600,1600,1000,1000,880,720,390,480,390,0.13,1.13
Tickets,aerosmith tickets,USD,1600,260,590,480,390,390,1300,6600,1600,2400,3600,2900,1300,0.84,3.22
Tickets,see tickets,USD,201000,301000,246000,201000,165000,135000,201000,135000,201000,135000,165000,135000,165000,0.07,0.25
Tickets,neil young tickets,USD,1600,260,1300,3600,2400,1600,2400,1300,720,880,2400,720,720,0.83,2.89
Tickets,ticket brokers,USD,2400,2400,2400,2400,2400,2400,2400,2400,1900,1900,1900,1900,1900,0.88,2.02
Tickets,rush tickets,USD,1300,1300,1300,1300,1300,1300,1600,1600,1600,1300,1000,1000,1000,0.19,1.98
Tickets,florence and the machine tickets,USD,390,720,720,590,480,390,390,320,320,320,320,260,390,0.09,0.57
Tickets,barry manilow tickets,USD,1000,1600,2400,1300,1600,1300,1000,880,1900,260,170,210,210,0.55,0.62
Tickets,green day tickets,USD,590,880,880,720,590,590,590,590,590,480,480,590,480,0.2,1.68
Tickets,shakira tickets,USD,260,170,170,140,140,210,480,390,320,260,320,260,170,0.19,0.9
Tickets,the script tickets,USD,1300,720,590,720,480,390,390,320,390,390,590,1300,12100,0.71,1.78
Tickets,u2 tickets,USD,590,480,590,590,480,880,720,480,390,390,390,390,1000,0.15,0.61
Tickets,mumford and sons tickets,USD,1900,3600,3600,4400,2900,1900,1600,1600,1300,1300,1300,880,1000,0.08,1.74
Tickets,uk tickets,USD,1300,1600,1900,1600,1900,1600,1600,1300,1000,880,880,1000,1000,0.41,1.77
Tickets,ticket resale,USD,2400,1600,1900,1600,1900,1900,2400,2400,2400,2400,2400,2400,2900,0.7,1.09
Tickets,jessie j tickets,USD,1600,6600,2900,1900,1300,1000,880,590,720,880,720,590,880,0.22,1.09
Tickets,jack johnson tickets,USD,2900,3600,1900,2900,4400,4400,2900,2400,5400,2400,1600,2400,590,0.34,1.43
Tickets,rod stewart tickets,USD,8100,4400,9900,22200,12100,9900,5400,1600,4400,3600,1600,1900,9900,0.6,1.13
Tickets,pink tickets,USD,3600,9900,8100,8100,5400,1600,1900,1300,1300,1000,1000,880,1000,0.32,0.84
Tickets,mgmt tickets,USD,590,1600,2400,720,140,390,260,320,140,140,170,170,110,0.08,2.46
Tickets,paolo nutini tickets,USD,6600,320,260,390,1300,6600,14800,14800,5400,5400,18100,4400,5400,0.79,1.47
Tickets,wiz khalifa tickets,USD,2400,880,880,880,880,880,1000,2900,2400,2400,8100,6600,1300,0.54,1.05
Tickets,vip tickets,USD,6600,8100,8100,8100,6600,6600,6600,8100,6600,6600,6600,6600,6600,0.28,0.44
Tickets,selena gomez tickets,USD,2400,9900,8100,2400,1600,1300,1900,720,590,590,590,720,390,0.41,0.67
Tickets,nickelback tickets,USD,720,1900,2400,720,480,320,320,390,320,320,320,480,480,0.23,0.64
Tickets,tim minchin tickets,USD,260,260,260,320,320,170,170,170,320,480,320,140,210,0.1,0.15
Tickets,katy perry tickets,USD,33100,8100,27100,12100,49500,27100,74000,22200,33100,33100,22200,22200,18100,0.86,3.43
Tickets,john mayer tickets,USD,2400,6600,5400,3600,1300,1900,1900,2400,1300,1300,720,720,880,0.29,1.74
Tickets,all time low tickets,USD,1900,1600,3600,1900,3600,2900,2900,1600,720,480,480,4400,1000,0.7,2.28
Tickets,tool tickets,USD,2900,210,260,390,12100,14800,5400,390,390,320,390,320,320,0.15,2.01
Tickets,example tickets,USD,720,390,390,390,480,720,320,210,320,320,590,2900,1300,0.47,0.91
Tickets,drake tickets,USD,18100,40500,74000,18100,14800,12100,22200,2400,2400,8100,6600,9900,5400,0.68,2.56
Tickets,enrique iglesias tickets,USD,1300,210,320,390,720,1000,480,480,1600,3600,1900,2400,3600,0.89,3.44
Tickets,rise against tickets,USD,720,170,210,210,170,110,140,140,170,1600,1900,1900,1900,0.59,1.25
Tickets,linkin park tickets,USD,3600,720,1000,1000,720,590,5400,1900,2400,3600,12100,8100,5400,0.9,2.25
Tickets,eric clapton tickets,USD,720,390,480,480,1300,1600,1300,880,720,720,320,390,320,0.39,1.17
Tickets,the wanted tickets,USD,1300,5400,1900,1300,1600,1000,1900,880,390,90,90,70,70,0.33,0.95
Tickets,madness tickets,USD,1000,480,1000,320,170,170,210,170,4400,1600,1000,1000,1600,0.82,1.48
Tickets,trey songz tickets,USD,480,320,320,320,390,390,320,880,590,390,720,720,480,0.35,1.05
Tickets,clippers tickets,USD,9900,6600,12100,12100,9900,12100,12100,18100,14800,1600,2400,4400,2900,0.76,4.34
Tickets,baseball tickets,USD,2900,1900,880,1000,1300,2400,5400,5400,5400,4400,4400,3600,2400,0.77,1.76
Tickets,bob dylan tickets,USD,1900,1600,2400,480,390,880,720,720,1600,3600,1900,4400,5400,0.8,2.62
Tickets,james blunt tickets,USD,2400,3600,3600,4400,2900,2900,2900,1900,2400,1300,1000,880,1300,0.7,1.02
Tickets,backstreet boys tickets,USD,4400,590,9900,4400,3600,2900,12100,5400,6600,5400,880,590,260,0.34,0.75
Tickets,maroon 5 tickets,USD,5400,3600,3600,3600,3600,1600,1900,1300,1300,1300,1600,2900,33100,0.86,4.47
Tickets,script tickets,USD,590,170,170,170,140,110,110,70,110,90,70,480,5400,0.7,1.64
Tickets,ticket resellers,USD,1300,1600,1600,1300,1300,1300,1600,1300,1300,1000,1300,1300,1300,0.76,3.58
Tickets,comedy tickets,USD,2900,3600,4400,6600,2900,2900,2900,1900,1900,1900,1900,2400,2900,0.31,0.96
Tickets,foo fighters tickets,USD,1300,590,590,590,590,390,320,260,480,1900,2400,2900,4400,0.61,0.59
Tickets,kesha tickets,USD,390,480,720,1000,720,390,390,210,170,210,210,170,170,0.15,0.97
Tickets,bryan adams tickets,USD,1600,1000,1000,880,390,480,720,4400,1900,1900,1600,1900,4400,0.86,2.11
Tickets,tim mcgraw tickets,USD,2400,480,720,590,1000,1900,2400,2400,5400,6600,3600,2400,1900,0.82,1.39
Tickets,pearl jam tickets,USD,5400,18100,8100,12100,3600,1900,1600,1600,9900,5400,2900,2400,3600,0.91,3.32
Tickets,arcade fire tickets,USD,4400,5400,22200,6600,3600,2400,2900,2900,2900,3600,2400,2900,260,0.15,1.28
Tickets,jason aldean tickets,USD,14800,9900,9900,9900,14800,18100,12100,9900,9900,12100,22200,18100,14800,0.95,3.09
Tickets,bon jovi tickets,USD,2900,9900,9900,12100,1000,720,590,480,480,480,720,480,480,0.55,0.59
Tickets,paul weller tickets,USD,1600,1300,390,390,1600,2400,2900,2900,3600,1900,1900,390,320,0.5,0.31
Tickets,you me at six tickets,USD,1300,720,3600,1600,1600,1600,1300,480,320,590,390,2400,1000,0.67,1.24
Tickets,duran duran tickets,USD,90,90,110,90,50,70,70,70,70,90,110,170,210,0.31,1.36
Tickets,biffy clyro tickets,USD,720,720,590,480,260,260,260,210,210,320,480,2900,1000,0.31,0.28
Tickets,find tickets,USD,880,880,720,720,880,720,720,880,720,720,880,880,880,0.5,1.7
Tickets,peter kay tickets,USD,1600,390,480,390,320,4400,880,320,1600,720,480,720,6600,0.7,0.77
Tickets,george lopez tickets,USD,2400,1900,1900,3600,2900,2400,1900,1900,1900,2900,1900,2400,1900,0.55,1.51
Tickets,jason derulo tickets,USD,3600,5400,3600,4400,4400,4400,5400,4400,2400,1600,1000,1600,1000,0.47,1.1
Tickets,toby keith tickets,USD,1600,1000,590,720,1300,1000,2400,880,1900,2400,2900,1300,1300,0.92,2.87
Tickets,garth brooks tickets,USD,14800,2400,5400,8100,60500,22200,2900,2900,3600,3600,33100,14800,27100,0.93,5.33
Tickets,sting tickets,USD,590,210,1600,880,590,720,480,170,140,170,480,260,1600,0.75,2.46
Tickets,phish tickets,USD,5400,9900,2400,5400,480,390,12100,2400,2400,4400,12100,12100,3600,0.84,3.16
Tickets,brad paisley tickets,USD,1900,1000,1600,1300,1600,1900,1600,1300,2900,2900,2400,2900,1300,0.87,3.36
Tickets,alicia keys tickets,USD,390,1300,1300,1300,210,170,110,110,110,110,110,110,140,0.18,1.46
Tickets,gorillaz tickets,USD,70,70,90,70,70,70,50,50,90,70,70,70,70,0.11,0.1
Tickets,boyzone tickets,USD,2900,1600,5400,12100,5400,1900,1900,390,1300,1300,480,110,70,0.15,0.24
Tickets,iron maiden tickets,USD,390,390,320,480,320,480,480,320,390,480,260,260,260,0.21,0.99
Tickets,lady antebellum tickets,USD,1600,1300,2400,2400,2400,1900,1900,1300,1300,1300,1300,1300,880,0.77,1.65
Tickets,kiss tickets,USD,1900,390,320,320,320,320,6600,2900,1900,2900,5400,3600,480,0.73,1.76
Tickets,kid cudi tickets,USD,880,1900,390,390,320,1900,1600,880,1000,320,260,390,390,0.4,1.34
Tickets,keith urban tickets,USD,4400,3600,3600,5400,4400,2400,3600,3600,5400,9900,5400,4400,1900,0.84,2.61
Tickets,coachella tickets,USD,27100,1600,2400,3600,90500,14800,27100,110000,49500,8100,5400,3600,4400,0.4,0.65
Tickets,cher tickets,USD,6600,22200,6600,4400,3600,3600,6600,5400,8100,5400,2400,1900,5400,0.9,4.05
Tickets,jonas brothers tickets,USD,170,480,110,90,140,90,90,70,170,210,170,170,320,0.18,1.15
Tickets,sade tickets,USD,110,90,110,110,110,110,90,90,110,90,70,140,140,0.08,0.45
Tickets,frankie boyle tickets,USD,480,720,480,480,260,320,260,320,320,390,390,590,1000,0.19,0.2
Tickets,cliff richard tickets,USD,260,480,1000,590,320,170,140,110,170,110,70,50,50,0.34,0.1
Tickets,take that tickets,USD,390,320,590,1000,390,210,210,390,480,170,140,170,390,0.29,0.44
Tickets,kylie minogue tickets,USD,1000,50,50,70,70,110,4400,1600,720,590,2400,1000,2400,0.81,3.08
Tickets,jls tickets,USD,3600,6600,18100,12100,1600,880,880,170,110,90,70,70,70,0.28,1.31
Tickets,peter andre tickets,USD,1000,590,4400,1600,1000,720,390,390,590,590,320,320,720,0.92,2.47
Tickets,go tickets,USD,1000,1300,1000,1000,1000,880,1000,1000,1000,1000,1000,1300,1300,0.19,0.44
Tickets,zac brown band tickets,USD,5400,3600,2400,2900,1600,1300,4400,4400,8100,14800,8100,6600,3600,0.89,2.86
Tickets,front row tickets,USD,2400,2400,2400,2900,2400,2400,2900,2900,2900,2400,2400,2900,2900,0.65,0.67
Tickets,alan jackson tickets,USD,480,390,320,590,590,480,590,390,590,480,390,480,390,0.81,1.25
Tickets,system of a down tickets,USD,140,140,170,140,140,110,110,110,110,110,90,140,140,0.31,1.41
Tickets,vicente fernandez tickets,USD,320,320,390,390,320,260,210,210,210,390,320,260,590,0.25,1.3
Tickets,ray lamontagne tickets,USD,480,70,110,70,90,110,1300,1000,880,590,590,720,390,0.71,3.07
Tickets,andrea bocelli tickets,USD,2400,1900,2900,3600,1000,1300,1300,2900,2400,2400,1900,6600,2900,0.73,1.58
Tickets,rascal flatts tickets,USD,1600,880,480,590,1000,1300,1600,1900,3600,2900,2900,2400,1600,0.85,3.29
Tickets,adam lambert tickets,USD,260,110,210,210,90,70,880,210,260,320,320,90,90,0.54,0.61
Tickets,bonnaroo tickets,USD,3600,260,390,1300,1900,9900,3600,4400,8100,9900,590,590,480,0.07,2.13
Tickets,faithless tickets,USD,50,70,40,50,50,40,20,70,110,90,50,50,40,0.16,2.19
Tickets,ticket sites,USD,1600,1600,1900,1600,1600,1600,1600,1600,1600,1300,1900,1900,1900,0.8,3.42
Tickets,avenged sevenfold tickets,USD,1300,4400,2400,1000,590,1600,1300,1600,880,720,880,480,480,0.33,0.93
Tickets,miranda lambert tickets,USD,1600,480,590,390,390,590,590,1300,2400,2400,2900,5400,1300,0.88,3.33
Tickets,resell tickets,USD,720,720,590,590,590,590,880,720,880,880,880,880,1000,0.65,3.2
Tickets,westlife tickets,USD,90,110,140,260,140,90,90,90,90,50,70,40,40,0.25,
Tickets,ticket factory,USD,27100,49500,49500,49500,27100,27100,27100,22200,27100,14800,22200,14800,27100,0.08,0.37
Tickets,carrie underwood tickets,USD,720,720,1300,880,480,390,590,590,720,720,1000,880,590,0.59,0.96
Tickets,bob seger tickets,USD,260,90,90,140,140,90,90,90,70,90,90,110,1900,0.68,1.12
Tickets,josh groban tickets,USD,590,1900,720,480,260,170,480,480,320,390,390,720,320,0.45,0.44
Tickets,secc tickets,USD,880,2900,590,590,1300,1000,720,260,390,390,590,880,1300,0.1,1.79
Tickets,swedish house mafia tickets,USD,140,210,210,140,170,210,140,110,70,90,70,50,50,0.06,1.12
Tickets,justin beiber tickets,USD,170,260,590,390,210,90,110,110,90,70,70,70,70,0.53,0.76
Tickets,ticket liquidators,USD,880,1000,880,1000,720,720,880,880,880,720,720,1000,880,0.32,0.4
Tickets,pendulum tickets,USD,90,140,140,90,90,70,70,70,70,50,50,90,140,0.11,1.11
Tickets,tiesto tickets,USD,720,1000,1300,1300,590,590,590,480,590,880,480,590,480,0.32,0.63
Tickets,wembley tickets,USD,3600,4400,2400,880,2900,2900,8100,2900,8100,1000,1300,1900,2900,0.29,0.59
Tickets,kenny chesney tickets,USD,390,320,390,320,260,320,320,320,390,390,880,590,590,0.42,0.68
Tickets,kid rock tickets,USD,480,320,390,480,590,590,480,320,590,590,720,720,390,0.75,0.8
Tickets,kevin hart tickets,USD,2400,2900,2400,2900,2900,2400,1900,1900,1600,1900,1900,2900,3600,0.45,0.98
Tickets,big time rush tickets,USD,480,590,590,720,880,590,390,320,320,390,320,390,260,0.44,0.41
Tickets,disturbed tickets,USD,50,70,70,70,50,40,40,40,50,50,50,70,70,0.17,0.87
Tickets,basketball tickets,USD,1900,2400,2900,3600,2900,2400,2400,1600,1300,880,720,1000,1600,0.5,1.13
Tickets,foo fighter tickets,USD,210,50,90,90,90,50,50,50,70,390,260,320,720,0.71,0.91
Tickets,goo goo dolls tickets,USD,720,480,210,480,480,720,1000,720,590,1000,1000,880,110,0.64,0.73
Tickets,george strait tickets,USD,18100,27100,27100,49500,27100,14800,22200,27100,22200,18100,1300,1600,1000,0.63,0.45
Tickets,jeff dunham tickets,USD,9900,22200,18100,27100,18100,4400,14800,5400,4400,3600,3600,3600,2900,0.73,0.96
Tickets,play tickets,USD,260,260,320,480,320,260,260,320,320,170,210,210,320,0.47,1.78
Tickets,jay z tickets,USD,3600,9900,5400,8100,8100,720,590,1900,1900,1000,1000,590,480,0.46,0.77
Tickets,o2 priority tickets,USD,12100,22200,27100,14800,9900,9900,6600,8100,8100,8100,8100,5400,9900,0.04,2.63
Tickets,vivid tickets,USD,12100,8100,8100,12100,9900,9900,12100,14800,14800,12100,9900,12100,12100,0.16,0.13
Tickets,hot tickets,USD,1300,1300,1300,1000,1300,1300,1600,1000,1300,1300,1300,1300,1000,0.54,1.1
Tickets,slightly stoopid tickets,USD,480,140,260,720,170,320,720,590,320,480,1600,720,70,0.23,1.51
Tickets,madison square garden tickets,USD,2400,1900,2900,2900,2900,3600,4400,1900,1600,1600,1600,2400,2900,0.62,1.58
Tickets,30 seconds to mars tickets,USD,1300,3600,3600,1600,880,720,1900,720,880,720,720,880,480,0.59,1.71
Tickets,latitude tickets,USD,720,140,90,170,320,390,880,720,1000,1600,2900,210,90,0.15,2.02
Tickets,ticket liquidator,USD,33100,27100,27100,27100,27100,33100,40500,40500,33100,33100,40500,40500,40500,0.31,1.03
Tickets,jimmy carr tickets,USD,2400,3600,3600,3600,2900,1900,1600,1300,1600,1300,1300,1600,2400,0.6,0.91
Tickets,ticket nation,USD,1600,1600,1900,1600,1600,1600,1900,1900,1600,1600,1600,1600,1600,0.31,0.72
Tickets,simply red tickets,USD,70,70,90,110,70,70,50,70,50,70,90,90,90,0.15,0.36
Tickets,ticket finder,USD,1300,1300,1300,1300,1300,1300,1600,1300,1300,1300,1600,1600,1600,0.39,1.26
Tickets,michael mcintyre tickets,USD,3600,3600,5400,4400,1600,1900,3600,2400,1600,6600,3600,3600,8100,0.54,1.07
Tickets,book of mormon tickets,USD,49500,49500,49500,74000,60500,60500,60500,49500,49500,49500,49500,49500,49500,0.86,3.24
Tickets,vans warped tour tickets,USD,2900,480,880,1600,2900,1900,3600,3600,4400,5400,8100,390,170,0.18,0.32
Tickets,double 8 tickets,USD,2900,3600,3600,3600,2400,2900,3600,2400,3600,2400,2400,1600,2400,0.2,0.24
Tickets,black eyed peas tickets,USD,50,40,50,70,70,50,50,40,50,50,50,50,50,0.16,0.38
Tickets,pink floyd tickets,USD,390,390,720,590,320,320,390,320,390,390,480,390,390,0.42,0.41
Tickets,st louis cardinals tickets,USD,14800,27100,1600,4400,3600,6600,12100,22200,22200,18100,22200,14800,12100,0.73,3.29
Tickets,la tickets,USD,590,480,480,590,590,590,590,590,590,590,590,590,480,0.46,1.37
Tickets,ballet tickets,USD,1000,1000,1300,1900,1000,1300,880,720,720,720,590,590,880,0.5,1.44
Tickets,dave matthews band tickets,USD,2900,590,480,590,1300,6600,2400,2900,5400,8100,5400,1000,720,0.74,3.62
Tickets,trans siberian orchestra tickets,USD,9900,22200,22200,60500,880,170,140,90,110,140,210,1600,6600,0.87,3.94
Tickets,the book of mormon tickets,USD,8100,8100,8100,12100,9900,9900,9900,8100,8100,6600,6600,6600,8100,0.87,3.02
Tickets,warped tour tickets,USD,9900,1300,2400,6600,9900,5400,9900,12100,9900,22200,27100,1000,590,0.13,0.81
Tickets,la galaxy tickets,USD,3600,2900,1600,880,1600,2900,3600,3600,2900,4400,12100,5400,4400,0.44,2.78
Tickets,beady eye tickets,USD,260,1000,1000,390,320,210,70,70,70,50,70,30,50,0.06,
Tickets,pretty lights tickets,USD,720,2900,2900,480,140,70,90,480,110,140,260,480,90,0.42,3.26
Tickets,jersey boys tickets,USD,14800,12100,14800,22200,22200,22200,18100,9900,8100,18100,14800,8100,9900,0.9,2.3
Tickets,rhianna tickets,USD,140,320,320,210,110,110,140,170,140,70,70,110,50,0.31,0.52
Tickets,les miserables tickets,USD,9900,9900,9900,12100,12100,8100,8100,9900,8100,8100,9900,9900,9900,0.81,1.93
Tickets,boxing tickets,USD,2900,2400,2900,2900,1900,2900,6600,1900,2900,1900,1900,1600,2400,0.42,0.88
Tickets,bassnectar tickets,USD,720,1900,720,1300,140,590,210,140,480,390,720,480,1600,0.56,1.41
Tickets,glastonbury tickets,USD,18100,90500,1900,1900,2900,3600,5400,18100,9900,40500,9900,3600,12100,0.1,1.77
Tickets,lee evans tickets,USD,14800,4400,6600,6600,4400,3600,18100,12100,18100,22200,22200,27100,40500,0.91,2.29
Tickets,micky flanagan tickets,USD,5400,33100,5400,6600,6600,2900,1300,320,1900,3600,2400,1300,2900,0.14,1.33
Tickets,we will rock you tickets,USD,9900,9900,9900,8100,9900,8100,22200,14800,14800,2400,2400,2400,1900,0.3,0.59
Tickets,us open tennis tickets,USD,8100,260,320,390,720,590,1300,2900,4400,14800,14800,40500,22200,0.87,9.42
Tickets,creamfields tickets,USD,6600,1300,1900,720,1300,8100,6600,6600,8100,12100,18100,18100,1300,0.26,0.62
Tickets,pixie lott tickets,USD,40,50,40,30,40,50,70,30,30,30,40,50,40,0.14,1.83
Tickets,ticket sellers,USD,6600,6600,6600,8100,5400,5400,6600,6600,6600,4400,5400,6600,4400,0.26,2.7
Tickets,tickets for less,USD,6600,8100,5400,4400,3600,3600,5400,5400,4400,6600,5400,9900,12100,0.26,0.83
Tickets,jerry seinfeld tickets,USD,880,590,1300,1600,880,880,720,590,720,720,720,720,1000,0.81,2.11
Tickets,strictly come dancing tickets,USD,9900,40500,27100,12100,3600,1600,720,590,720,880,1600,9900,27100,0.2,1.14
Tickets,bill bailey tickets,USD,390,880,1000,260,170,170,90,90,90,90,590,390,390,0.25,0.54
Tickets,summer jam tickets,USD,2900,40,40,70,90,140,1600,9900,14800,5400,2400,2400,480,0.33,0.64
Tickets,arsenal tickets,USD,40500,49500,40500,49500,60500,40500,40500,27100,12100,9900,27100,40500,40500,0.74,1.26
Tickets,stomp tickets,USD,2400,2400,2400,2900,2900,2900,2400,2400,1900,1900,1600,1900,1900,0.85,1.16
Tickets,ticket line,USD,8100,9900,12100,9900,8100,8100,8100,6600,8100,6600,6600,5400,8100,0.04,1.27
Tickets,men arena tickets,USD,720,3600,1300,720,390,390,390,140,210,140,110,110,210,0.23,0.5
Tickets,ne yo tickets,USD,140,170,140,90,50,70,50,40,50,40,50,70,880,0.72,1.68
Tickets,twickenham tickets,USD,2900,3600,6600,3600,3600,2900,2900,3600,6600,1300,880,1600,1900,0.54,1.93
Tickets,nitro circus tickets,USD,5400,5400,9900,14800,22200,4400,2900,1900,3600,880,720,880,2400,0.16,0.28
Tickets,ron white tickets,USD,720,720,1000,1300,1000,880,720,590,590,720,590,590,480,0.91,2.37
Tickets,phantom of the opera tickets,USD,8100,6600,8100,9900,9900,9900,9900,8100,6600,5400,6600,6600,6600,0.87,2.21
Tickets,tickets west,USD,9900,8100,9900,5400,12100,9900,9900,12100,9900,8100,8100,8100,9900,0.05,1.41
Tickets,brandon flowers tickets,USD,140,10,90,110,140,110,140,140,140,170,170,110,210,0,
Tickets,us open tickets,USD,22200,880,1000,1900,2900,1900,3600,6600,8100,27100,22200,135000,49500,0.91,8.23
Tickets,soundwave tickets,USD,1900,1000,1900,1300,2400,6600,480,170,170,110,260,6600,1600,0.01,0.18
Tickets,a day to remember tickets,USD,1600,2400,1300,1600,1600,1300,720,720,320,1600,1000,1600,4400,0.59,0.97
Tickets,ellen degeneres tickets,USD,18100,27100,33100,27100,14800,12100,18100,14800,14800,9900,9900,9900,18100,0.05,0.98
Tickets,war horse tickets,USD,8100,9900,8100,8100,5400,6600,9900,6600,6600,6600,6600,8100,9900,0.86,1.53
Tickets,two door cinema club tickets,USD,720,2900,1600,1000,590,480,480,320,320,480,390,320,320,0.05,0.78
Tickets,my chemical romance tickets,USD,90,110,110,90,70,90,90,90,90,90,90,90,170,0.09,1.5
Tickets,dave matthews tickets,USD,1900,480,260,480,1000,4400,1600,1600,2900,4400,2900,720,480,0.83,3.25
Tickets,jingle ball tickets,USD,1900,8100,8100,5400,170,90,90,70,40,40,70,140,260,0.36,0.86
Tickets,wembley stadium tickets,USD,1300,1900,1300,590,1300,880,2900,1300,2900,720,720,880,880,0.41,0.91
Tickets,gold coast tickets,USD,9900,9900,9900,9900,8100,6600,8100,8100,9900,8100,9900,9900,9900,0.15,1.64
Tickets,masters tickets,USD,8100,1900,1900,2400,6600,6600,12100,33100,9900,6600,6600,2900,2400,0.69,1.79
Tickets,jason manford tickets,USD,1300,2900,2400,2400,1900,1300,1300,880,880,720,480,480,480,0.41,0.63
Tickets,warhorse tickets,USD,5400,6600,9900,9900,6600,2900,2900,1600,2900,2900,1900,5400,6600,0.85,1.75
Tickets,v festival tickets,USD,14800,1900,1900,2900,4400,9900,49500,8100,12100,22200,33100,33100,1900,0.41,1.17
Tickets,dirty dancing tickets,USD,4400,6600,6600,8100,8100,8100,4400,1900,1300,1000,1600,2400,3600,0.46,0.81
Tickets,gabriel iglesias tickets,USD,1600,1000,1300,1900,1900,1900,1300,1600,1000,1600,1600,1600,1600,0.62,1.13
Tickets,world series tickets,USD,8100,90500,390,260,260,210,170,210,260,320,390,480,1900,0.5,0.67
Tickets,v fest tickets,USD,1900,260,320,210,720,880,8100,3600,2900,2400,2400,2400,170,0.43,1.17
Tickets,russell howard tickets,USD,1900,3600,3600,3600,2400,1900,2400,1900,1600,880,880,1000,1000,0.69,1.07
Tickets,ace tickets,USD,27100,49500,22200,22200,18100,18100,22200,33100,22200,18100,22200,22200,22200,0.19,0.31
Tickets,wwe raw tickets,USD,2900,2400,2900,2900,4400,3600,4400,2900,2900,3600,3600,2900,2900,0.78,1.03
Tickets,avenue q tickets,USD,2400,2400,2900,2400,1900,2400,1900,2400,2400,1900,1900,2400,1600,0.45,1.1
Tickets,grand ole opry tickets,USD,8100,2900,6600,8100,3600,3600,14800,12100,14800,6600,4400,9900,9900,0.8,3.22
Tickets,tigers tickets,USD,14800,18100,1300,1300,1300,1600,8100,22200,27100,27100,27100,22200,22200,0.67,2.56
Tickets,last minute show tickets,USD,390,390,390,390,480,390,320,320,320,260,320,390,320,0.52,0.36
Tickets,les mis tickets,USD,4400,4400,4400,5400,5400,3600,3600,3600,3600,4400,4400,4400,4400,0.79,1.71
Tickets,zumanity tickets,USD,5400,5400,5400,5400,6600,5400,5400,5400,5400,4400,5400,5400,5400,0.65,2.1
Tickets,ticket australia,USD,390,390,390,390,390,390,480,320,320,320,390,390,320,0.39,2
Tickets,rugby tickets,USD,4400,5400,6600,3600,3600,4400,3600,2400,3600,3600,2400,2900,8100,0.56,2.04
Tickets,disney on ice tickets,USD,18100,22200,33100,49500,40500,27100,14800,9900,6600,5400,5400,4400,12100,0.69,0.78
Tickets,john bishop tickets,USD,3600,3600,2400,6600,2900,1600,2400,2900,4400,4400,4400,4400,3600,0.78,1.63
Tickets,t in the park tickets,USD,9900,590,8100,4400,6600,22200,12100,8100,12100,18100,27100,1600,1300,0.25,0.34
Tickets,new kids on the block tickets,USD,320,50,50,70,70,1900,480,480,590,170,210,90,140,0.45,0.78
Tickets,hockey tickets,USD,2400,3600,3600,4400,3600,2400,2400,1600,1600,880,590,880,1900,0.83,2.92
Tickets,tickets australia,USD,320,320,320,390,390,260,320,260,320,260,260,260,260,0.6,1.63
Tickets,jamiroquai tickets,USD,50,70,90,90,70,30,40,30,50,40,40,30,50,0.12,2.39
Tickets,ticket agencies,USD,390,390,480,390,390,390,390,390,390,390,320,320,390,0.72,2.08
Tickets,the ticket factory,USD,9900,14800,14800,14800,9900,9900,9900,8100,9900,5400,8100,5400,9900,0.07,0.26
Tickets,reading tickets,USD,2900,880,1300,2400,1900,3600,4400,2400,2900,3600,6600,5400,720,0.41,1.09
Tickets,capital tickets,USD,14800,14800,22200,27100,18100,18100,12100,9900,6600,5400,8100,6600,12100,0.05,2.74
Tickets,spring training tickets,USD,1600,90,320,720,1900,4400,9900,90,50,40,20,20,50,0.16,
Tickets,spurs tickets,USD,22200,12100,22200,27100,22200,14800,27100,27100,49500,49500,3600,8100,12100,0.7,3.38
Tickets,pittsburgh penguins tickets,USD,4400,8100,8100,8100,6600,3600,5400,5400,2900,590,1000,1600,3600,0.78,3.53
Tickets,custom tickets,USD,880,880,720,590,1000,1000,880,880,880,720,880,880,1000,1,10.12
Tickets,jersey boy tickets,USD,1300,1000,1300,1900,1000,1000,1000,1000,1000,1900,1300,880,1000,0.89,1.74
Tickets,blackhawks tickets,USD,18100,22200,22200,33100,18100,9900,18100,18100,27100,4400,2900,8100,12100,0.8,5.49
Tickets,st louis blues tickets,USD,5400,8100,9900,12100,8100,4400,6600,6600,260,480,1000,2400,4400,0.82,3.19
Tickets,grease tickets,USD,1300,1300,1600,1900,2400,2400,2400,590,590,720,880,720,210,0.32,0.67
Tickets,half price tickets,USD,1600,1600,1900,1900,1900,1600,1600,1900,1900,1900,1600,1600,1600,0.44,1.22
Tickets,bulls tickets,USD,12100,27100,22200,22200,18100,12100,22200,12100,1300,1000,2400,6600,9900,0.6,1.57
Tickets,bestival tickets,USD,4400,590,590,320,1300,2400,2900,3600,4400,8100,9900,14800,5400,0.35,0.82
Tickets,buckingham palace tickets,USD,5400,3600,3600,2400,3600,2900,3600,5400,5400,5400,6600,9900,6600,0.37,0.75
Tickets,dane cook tickets,USD,320,590,320,320,320,260,210,210,170,210,320,320,390,0.41,2.78
Tickets,mamma mia tickets,USD,8100,6600,6600,9900,9900,9900,14800,6600,6600,8100,8100,6600,6600,0.91,1.6
Tickets,so you think you can dance tickets,USD,1600,1900,1600,480,480,720,720,480,480,1300,2900,5400,2400,0.85,3.32
Tickets,diversity tickets,USD,880,880,1600,720,260,260,1900,480,720,1600,590,1000,1000,0.69,0.6
Tickets,sarah millican tickets,USD,2400,3600,4400,4400,4400,2900,3600,880,390,260,590,210,260,0.12,0.64
Tickets,kylie tickets,USD,1000,30,10,30,50,90,5400,1600,880,480,1300,880,2400,0.87,2.77
Tickets,365 tickets,USD,3600,4400,2400,1900,2900,2900,3600,5400,3600,3600,6600,6600,4400,0.04,0.41
Tickets,knicks tickets,USD,18100,22200,33100,40500,40500,27100,22200,9900,1900,1300,2900,9900,9900,0.72,3.48
Tickets,rock of ages tickets,USD,1900,3600,1900,2400,2400,1600,2400,1900,1600,1300,1600,1600,1000,0.77,1.66
Tickets,nhl tickets,USD,4400,6600,6600,6600,5400,2900,3600,3600,3600,2400,2400,3600,6600,0.68,2.9
Tickets,mary poppins tickets,USD,260,210,260,390,320,170,210,210,210,170,210,260,390,0.47,0.39
Tickets,manchester city tickets,USD,5400,3600,4400,8100,12100,8100,4400,3600,2900,1000,2400,5400,6600,0.69,1.23
Tickets,edinburgh tattoo tickets,USD,4400,880,2900,1900,4400,3600,3600,480,880,8100,12100,14800,390,0.53,0.79
Tickets,x games tickets,USD,1300,320,320,320,2400,880,720,1300,2400,5400,320,210,170,0.12,1.38
Tickets,new york giants tickets,USD,2900,5400,5400,2900,1000,720,720,1600,1600,1600,2900,5400,8100,0.8,6.5
Tickets,jimmy buffet tickets,USD,720,390,170,140,320,1300,880,880,880,1000,880,720,210,0.83,3.39
Tickets,nationals tickets,USD,14800,480,720,1300,1300,3600,8100,33100,22200,22200,27100,27100,22200,0.73,3.34
Tickets,v tickets,USD,720,320,260,260,320,390,3600,480,480,480,1000,1600,170,0.27,0.79
Tickets,queens of the stone age tickets,USD,720,1900,1900,720,720,880,590,590,390,260,480,210,210,0.66,1.9
Tickets,chicago blackhawks tickets,USD,8100,12100,12100,18100,12100,5400,9900,8100,9900,1900,2400,5400,8100,0.83,4.65
Tickets,st louis rams tickets,USD,2900,5400,4400,2400,390,320,320,1600,1900,1900,4400,6600,8100,0.74,5.82
Tickets,nation tickets,USD,390,260,390,390,320,390,590,480,320,320,390,320,210,0.37,0.82
Tickets,walking with dinosaurs tickets,USD,2400,720,1000,2900,1900,590,1000,1600,1000,880,1900,4400,8100,0.67,0.88
Tickets,jools holland tickets,USD,1000,1300,880,880,1300,880,880,1600,720,1900,1600,320,590,0.5,0.93
Tickets,canucks tickets,USD,4400,8100,9900,9900,6600,2900,5400,1900,210,480,1000,1600,8100,0.81,2.43
Tickets,penn and teller tickets,USD,4400,2900,2900,4400,4400,3600,4400,3600,5400,3600,3600,4400,4400,0.78,1.68
Tickets,vancouver canucks tickets,USD,2900,5400,4400,5400,3600,1900,2900,1000,260,480,1000,1600,4400,0.82,2.33
Tickets,hairspray tickets,USD,210,210,260,170,140,140,210,320,170,140,260,320,170,0.33,0.27
Tickets,chicago tickets,USD,3600,2900,3600,3600,3600,3600,3600,3600,3600,3600,4400,4400,4400,0.37,2.04
Tickets,cinema tickets,USD,2900,2900,3600,4400,3600,2400,2400,2400,2400,2400,2400,2400,2400,0.15,0.23
Tickets,thriller live tickets,USD,1900,2400,1900,2900,1900,1600,1300,1300,1600,1600,1300,2400,1900,0.87,2.04
Tickets,rangers tickets,USD,18100,8100,12100,14800,12100,9900,18100,33100,33100,27100,22200,14800,12100,0.53,2.86
Tickets,reading festival tickets,USD,8100,1000,1300,1600,4400,8100,12100,6600,6600,12100,18100,18100,880,0.54,0.84
Tickets,lady gaga ticket,USD,260,50,110,390,170,880,260,210,320,170,210,210,210,0.47,0.72
Tickets,bristol ticket shop,USD,5400,8100,5400,6600,6600,5400,5400,5400,5400,3600,4400,5400,6600,0.1,0.08
Tickets,santana tickets,USD,720,170,480,480,480,880,1000,1000,880,480,1300,880,590,0.93,1.43
Tickets,sister act tickets,USD,720,1900,1300,1300,590,590,480,590,720,590,480,480,260,0.75,1.03
Tickets,crufts tickets,USD,1900,720,1000,1600,5400,4400,9900,140,140,50,90,90,260,0.05,2.88
Tickets,nashville predators tickets,USD,3600,5400,5400,6600,5400,3600,4400,1300,320,590,1000,1300,2900,0.73,3.9
Tickets,tiger tickets,USD,3600,2900,260,390,390,720,2900,6600,6600,5400,5400,4400,4400,0.78,2.28
Tickets,tickets arsenal,USD,1300,1600,1600,1600,1900,1600,880,720,170,320,880,1600,1600,0.89,1.24
Tickets,harlem globetrotters tickets,USD,4400,1000,1900,8100,18100,12100,4400,1600,590,480,390,260,480,0.71,1.44
Tickets,tickets for jersey boys,USD,720,720,720,880,880,880,590,590,590,720,880,590,720,0.89,1.91
Tickets,janet jackson tickets,USD,50,20,30,50,70,70,70,50,40,30,40,50,70,0.09,0.07
Tickets,tampa bay lightning tickets,USD,6600,12100,9900,12100,8100,6600,9900,12100,590,1000,1600,1900,5400,0.71,2.86
Tickets,sounders tickets,USD,4400,5400,2400,880,880,1900,6600,4400,8100,4400,9900,6600,5400,0.5,3.17
Tickets,widespread panic tickets,USD,880,1000,720,880,720,590,1300,880,480,1300,720,590,720,0.92,3.09
Tickets,billy elliot tickets,USD,6600,8100,9900,8100,8100,6600,8100,5400,4400,3600,5400,6600,8100,0.82,1.57
Tickets,blackhawk tickets,USD,2400,3600,2900,5400,2400,1300,1900,1900,3600,480,480,1000,1900,0.86,5.07
Tickets,world cup tickets,USD,33100,22200,27100,33100,22200,18100,27100,27100,40500,135000,27100,1000,9900,0.14,0.52
Tickets,cowboy tickets,USD,1600,3600,2400,2400,110,90,110,480,880,720,1300,3600,4400,0.83,2.84
Tickets,celtic woman tickets,USD,390,320,590,880,390,390,720,320,260,140,110,210,320,0.76,2.54
Tickets,boston bruins tickets,USD,12100,18100,22200,18100,12100,9900,12100,14800,8100,1300,2900,6600,12100,0.87,3.41
Tickets,kennedy center tickets,USD,4400,5400,5400,2400,8100,6600,12100,1600,1600,2400,2400,1900,2400,0.66,1.04
Tickets,thriller tickets,USD,1600,2400,1600,2400,1900,1600,1300,1300,1300,1000,1300,1300,1900,0.86,2.82
Tickets,soccer tickets,USD,1300,1300,1300,1000,1000,1000,1300,1300,1600,1300,1900,1300,1000,0.61,1.13
Tickets,toronto maple leafs tickets,USD,9900,18100,14800,18100,14800,8100,9900,2400,880,1600,2400,3600,9900,0.86,2.01
Tickets,russell peters tickets,USD,480,720,390,320,260,210,260,210,260,1000,720,720,1000,0.68,1.12
Tickets,dallas stars tickets,USD,5400,8100,8100,9900,8100,4400,8100,9900,390,720,1300,2400,5400,0.77,2.46
Tickets,utah jazz tickets,USD,3600,4400,6600,8100,6600,5400,4400,1900,390,320,590,1300,1300,0.77,2.22
Tickets,cardinal tickets,USD,2900,5400,720,1300,390,880,2400,5400,4400,3600,4400,3600,3600,0.71,1.79
Tickets,pantages tickets,USD,590,1600,1900,390,260,1000,480,390,260,320,320,260,320,0.85,1.88
Tickets,houston rodeo tickets,USD,6600,170,210,320,12100,14800,49500,880,390,260,260,210,170,0.21,2.11
Tickets,riverdance tickets,USD,2900,1000,1900,2900,1900,1300,2900,720,1000,2400,3600,5400,8100,0.6,0.81
Tickets,isle of wight festival tickets,USD,880,210,170,260,390,880,720,1300,2900,4400,210,140,110,0.42,0.6
Tickets,maple leaf tickets,USD,2900,4400,3600,4400,3600,2900,2900,1900,1900,1900,1900,2400,3600,0.74,2.35
Tickets,maple leafs tickets,USD,2400,5400,4400,4400,3600,2400,2400,720,260,390,590,1300,3600,0.82,2.21
Tickets,world cup final tickets,USD,2900,880,880,880,880,720,1300,1600,2900,14800,14800,140,170,0.26,0.92
Tickets,alcatraz tickets,USD,18100,12100,9900,9900,12100,12100,18100,22200,22200,27100,33100,27100,18100,0.8,1.55
Tickets,new york tickets,USD,3600,3600,3600,4400,4400,3600,3600,3600,3600,3600,3600,4400,4400,0.84,2.14
Tickets,steeler tickets,USD,1600,1900,1900,1900,170,90,140,590,880,720,1600,3600,4400,0.84,4.41
Tickets,sugarland tickets,USD,90,70,110,140,110,90,90,90,90,90,90,70,90,0.14,1.27
Tickets,acl tickets,USD,5400,8100,480,320,590,590,880,18100,5400,4400,8100,8100,18100,0.74,1.43
Tickets,charger tickets,USD,2900,4400,3600,5400,590,170,210,1300,1300,1300,1900,5400,8100,0.89,7
Tickets,ka tickets,USD,1300,1300,1300,1300,1300,1000,1300,1000,1000,1000,1300,1300,880,0.63,1.58
Tickets,alan carr tickets,USD,590,720,880,1000,720,390,390,480,590,720,390,320,480,0.16,1.25
Tickets,mavericks tickets,USD,3600,1900,5400,5400,6600,6600,9900,8100,1000,320,590,880,880,0.72,2.81
Tickets,west side story tickets,USD,590,720,1000,1000,720,720,590,390,390,320,390,260,260,0.24,1.47
Tickets,austin city limits tickets,USD,2900,2900,1000,720,1000,880,880,4400,2900,2400,4400,4400,6600,0.87,1.48
Tickets,comic con tickets,USD,9900,6600,2900,2400,5400,8100,12100,6600,8100,12100,33100,8100,6600,0.44,0.54
Tickets,toronto fc tickets,USD,2900,480,260,390,2400,2400,6600,4400,4400,3600,6600,3600,1900,0.61,1.45
Tickets,rockets tickets,USD,9900,9900,18100,18100,14800,12100,18100,14800,1600,720,1000,1000,1300,0.71,3.25
Tickets,msg tickets,USD,1300,880,1900,1600,1300,1300,2900,720,720,720,590,880,880,0.57,1.38
Tickets,suns tickets,USD,2900,1600,3600,5400,5400,8100,6600,2900,590,880,720,1000,880,0.69,2.55
Tickets,mcfly tickets,USD,390,590,1600,480,260,210,210,210,260,110,140,90,90,0.1,0.16
Tickets,liverpool tickets,USD,18100,12100,14800,14800,18100,14800,22200,27100,4400,6600,12100,22200,27100,0.89,0.97
Tickets,edinburgh castle tickets,USD,3600,3600,2400,1300,1300,1600,1600,1900,2400,4400,9900,8100,4400,0.29,1
Tickets,sw4 tickets,USD,4400,90,90,30,140,720,1300,2400,3600,4400,14800,27100,260,0.09,0.44
Tickets,ranger tickets,USD,3600,1600,2900,3600,2900,1900,3600,6600,6600,5400,2900,1600,1900,0.69,2.06
Tickets,calgary flames tickets,USD,3600,8100,6600,6600,4400,2400,4400,1300,260,480,720,1600,4400,0.82,3.81
Tickets,raider tickets,USD,1900,5400,2900,2900,210,170,210,720,1300,880,1600,3600,4400,0.87,3.47
Tickets,celtic tickets,USD,3600,3600,4400,4400,2900,2400,2400,1900,1600,1000,4400,6600,4400,0.24,2.28
Tickets,daniel tosh tickets,USD,480,1000,720,590,390,320,590,390,390,320,320,390,590,0.65,2.41
Tickets,boston tickets,USD,1900,1900,1900,1900,1300,1300,2400,1900,1900,2400,1900,1600,1300,0.76,1.86
Tickets,dallas cowboy tickets,USD,3600,8100,4400,4400,320,260,320,1600,2900,2400,3600,6600,8100,0.88,4.06
Tickets,leafs tickets,USD,4400,9900,8100,8100,6600,2900,4400,880,210,390,880,1600,5400,0.77,1.01
Tickets,49er tickets,USD,4400,8100,8100,8100,1600,480,480,1900,2400,1900,4400,9900,9900,0.8,6.77
Tickets,o tickets,USD,1000,1000,1000,1000,1000,880,880,880,880,880,1000,1000,880,0.75,1.59
Tickets,nyc tickets,USD,6600,6600,6600,5400,6600,6600,6600,6600,6600,6600,6600,6600,8100,0.26,2.04
Tickets,tennessee titans tickets,USD,2400,4400,1900,1600,390,260,320,1900,1600,1600,2900,5400,5400,0.8,4.78
Tickets,vegas tickets,USD,2900,2400,2400,2900,2900,2900,2900,2900,2900,2400,2900,2900,2400,0.84,1.57
Tickets,bcs national championship tickets,USD,1900,1000,2900,18100,1900,140,90,70,50,40,70,70,110,0.35,1.31
Tickets,sec championship tickets,USD,2900,1300,9900,22200,170,140,880,30,70,50,110,210,390,0.49,1.23
Tickets,seattle sounders tickets,USD,2900,2900,1300,720,880,1600,3600,2900,4400,2900,8100,4400,2900,0.53,2.2
Tickets,tickets for shows,USD,210,260,320,320,260,210,210,170,170,140,140,210,170,0.57,1.23
Tickets,terry fator tickets,USD,2400,1900,2400,2900,2900,880,1600,2900,2900,1900,1300,1900,3600,0.83,2.8
Tickets,rodeo tickets,USD,2400,260,390,480,5400,6600,9900,390,320,720,880,320,320,0.5,2.25
Tickets,supercross tickets,USD,4400,720,1000,3600,18100,12100,6600,5400,1000,320,320,390,480,0.76,1.87
Tickets,australia ticket,USD,170,170,140,170,210,170,170,170,170,170,210,170,170,0.52,1.36
Tickets,moulin rouge tickets,USD,4400,4400,3600,3600,4400,3600,4400,4400,4400,5400,5400,6600,6600,0.87,3.31
Keywords like: Tickets,tickets,USD,201000,201000,201000,246000,201000,201000,201000,201000,201000,201000,201000,201000,201000,0.47,1.14
Keywords like: Tickets,concerts,USD,40500,40500,40500,40500,40500,40500,40500,40500,40500,40500,40500,40500,40500,0.21,0.69
Keywords like: Tickets,ticketline,USD,90500,110000,110000,110000,90500,90500,110000,90500,90500,74000,74000,60500,110000,0.01,0.12
Keywords like: Tickets,gigs and tours,USD,49500,49500,60500,49500,33100,33100,49500,27100,49500,90500,60500,40500,49500,0.01,1.95
Keywords like: Tickets,hub stub,USD,4400,8100,6600,6600,5400,5400,5400,5400,2900,2400,2400,2400,2900,0.17,0.07
Keywords like: Tickets,concert,USD,110000,110000,110000,110000,110000,90500,110000,110000,110000,90500,90500,90500,110000,0.1,0.38
Keywords like: Tickets,london palladium box office,USD,1000,720,1000,2900,480,110,260,480,880,4400,480,320,880,0.54,0.59
Keywords like: Tickets,justin bieber tour,USD,4400,6600,8100,6600,4400,2900,3600,3600,3600,3600,3600,3600,3600,0.03,0.34
Keywords like: Tickets,musicals,USD,90500,90500,110000,110000,90500,90500,90500,74000,74000,60500,60500,74000,90500,0.31,0.38
Keywords like: Tickets,justin bieber tour dates,USD,2900,6600,8100,5400,2400,1000,1600,1600,1000,880,880,880,720,0.11,0.24
Keywords like: Tickets,lion king musical,USD,18100,18100,18100,22200,18100,14800,18100,33100,18100,14800,14800,18100,18100,0.25,1.05
Keywords like: Tickets,billy elliot,USD,135000,110000,110000,110000,165000,110000,165000,135000,165000,110000,135000,110000,201000,0.14,0.63
Keywords like: Tickets,justin bieber concert,USD,5400,8100,9900,9900,8100,5400,5400,4400,3600,3600,3600,4400,3600,0.08,0.73
Keywords like: Tickets,westend shows,USD,1600,1900,1900,1600,1900,1600,1600,1300,1300,1300,1300,1600,1600,0.6,1.24
Keywords like: Tickets,ticketservice,USD,12100,18100,18100,18100,12100,9900,12100,8100,9900,8100,6600,6600,9900,0.23,0.44
Keywords like: Tickets,backstage passes,USD,720,720,720,590,1000,880,880,720,720,720,590,720,720,0.6,2.18
Keywords like: Tickets,london shows,USD,40500,49500,49500,40500,49500,33100,33100,33100,33100,27100,33100,40500,40500,0.75,1.21
Keywords like: Tickets,shows in london,USD,22200,27100,27100,22200,33100,22200,22200,18100,18100,18100,18100,22200,22200,0.79,1.07
Keywords like: Tickets,london palladium,USD,22200,18100,22200,33100,12100,8100,18100,18100,12100,22200,18100,14800,49500,0.35,0.7
Keywords like: Tickets,lion king london,USD,22200,22200,18100,22200,27100,22200,22200,27100,22200,22200,22200,22200,27100,0.66,1.8
Keywords like: Tickets,les miserables london,USD,18100,14800,14800,22200,22200,22200,18100,14800,22200,22200,22200,22200,22200,0.7,1.33
Keywords like: Tickets,celine dion las vegas,USD,22200,18100,27100,22200,27100,18100,22200,18100,18100,22200,27100,27100,12100,0.19,0.7
Keywords like: Tickets,the lion king london,USD,12100,12100,12100,14800,14800,12100,9900,12100,9900,9900,9900,9900,8100,0.57,1.52
Keywords like: Tickets,phantom of the opera london,USD,14800,18100,18100,18100,14800,12100,14800,14800,14800,14800,14800,14800,14800,0.65,2.01